App,Category_google,Rating_google,Reviews_google,Size_google,Installs,Type,Price_google,Content Rating_google,Last Updated,Size_apple,currency,Price_apple,Reviews_apple,Rating_apple,Content Rating_apple,Category_apple,Reviews
Infinite Painter,ART_AND_DESIGN,4.1,36815,29000.0,1000000.0,Free,0.0,Everyone,14-Jun-18,22405120,USD,0.0,65,4.0,4+,Productivity,36815
Indeed Job Search,BUSINESS,4.3,674730,,50000000.0,Free,0.0,Everyone,21-May-18,3691520,USD,0.0,38681,4.0,4+,Business,674730
Uber Driver,BUSINESS,4.4,1254730,,10000000.0,Free,0.0,Everyone,3-Aug-18,162263040,USD,0.0,3289,3.0,4+,Business,1254730
ADP Mobile Solutions,BUSINESS,4.3,85185,29000.0,5000000.0,Free,0.0,Everyone,17-Jul-18,53805056,USD,0.0,8324,4.0,4+,Business,85185
WhatsApp Messenger,COMMUNICATION,4.4,69119316,,1000000000.0,Free,0.0,Everyone,3-Aug-18,135044096,USD,0.0,287589,4.5,4+,Social Networking,69119316
WhatsApp Messenger,COMMUNICATION,4.4,69119316,,1000000000.0,Free,0.0,Everyone,3-Aug-18,135044096,USD,0.0,287589,4.5,4+,Social Networking,69119316
WhatsApp Messenger,COMMUNICATION,4.4,69109672,,1000000000.0,Free,0.0,Everyone,3-Aug-18,135044096,USD,0.0,287589,4.5,4+,Social Networking,69109672
Hangouts,COMMUNICATION,4.0,3419249,,1000000000.0,Free,0.0,Everyone,21-Jul-18,94750720,USD,0.0,36404,4.0,4+,Social Networking,3419249
Hangouts,COMMUNICATION,4.0,3419433,,1000000000.0,Free,0.0,Everyone,21-Jul-18,94750720,USD,0.0,36404,4.0,4+,Social Networking,3419433
Hangouts,COMMUNICATION,4.0,3419513,,1000000000.0,Free,0.0,Everyone,21-Jul-18,94750720,USD,0.0,36404,4.0,4+,Social Networking,3419513
Hangouts,COMMUNICATION,4.0,3419464,,1000000000.0,Free,0.0,Everyone,21-Jul-18,94750720,USD,0.0,36404,4.0,4+,Social Networking,3419464
Firefox Focus: The privacy browser,COMMUNICATION,4.4,36880,4000.0,1000000.0,Free,0.0,Everyone,6-Jul-18,15081472,USD,0.0,477,4.0,17+,Utilities,36880
Firefox Focus: The privacy browser,COMMUNICATION,4.4,36893,4000.0,1000000.0,Free,0.0,Everyone,6-Jul-18,15081472,USD,0.0,477,4.0,17+,Utilities,36893
Firefox Focus: The privacy browser,COMMUNICATION,4.4,36981,4000.0,1000000.0,Free,0.0,Everyone,6-Jul-18,15081472,USD,0.0,477,4.0,17+,Utilities,36981
WeChat,COMMUNICATION,4.2,5387333,,100000000.0,Free,0.0,Everyone,31-Jul-18,182624256,USD,0.0,34584,4.5,12+,Social Networking,5387333
WeChat,COMMUNICATION,4.2,5387446,,100000000.0,Free,0.0,Everyone,31-Jul-18,182624256,USD,0.0,34584,4.5,12+,Social Networking,5387446
WeChat,COMMUNICATION,4.2,5387446,,100000000.0,Free,0.0,Everyone,31-Jul-18,182624256,USD,0.0,34584,4.5,12+,Social Networking,5387446
WeChat,COMMUNICATION,4.2,5387631,,100000000.0,Free,0.0,Everyone,31-Jul-18,182624256,USD,0.0,34584,4.5,12+,Social Networking,5387631
Puffin Web Browser,COMMUNICATION,4.3,541389,,10000000.0,Free,0.0,Everyone,9-Jul-18,66607104,USD,0.0,11677,4.0,17+,Utilities,541389
Puffin Web Browser,COMMUNICATION,4.3,541389,,10000000.0,Free,0.0,Everyone,9-Jul-18,66607104,USD,0.0,11677,4.0,17+,Utilities,541389
Puffin Web Browser,COMMUNICATION,4.3,541661,,10000000.0,Free,0.0,Everyone,9-Jul-18,66607104,USD,0.0,11677,4.0,17+,Utilities,541661
GMX Mail,COMMUNICATION,4.3,258556,,10000000.0,Free,0.0,Everyone,25-Jul-18,100336640,USD,0.0,102,4.5,4+,Productivity,258556
GroupMe,COMMUNICATION,4.5,330761,,10000000.0,Free,0.0,Everyone,3-Jul-18,66864128,USD,0.0,28260,4.5,4+,Social Networking,330761
Puffin Browser Pro,COMMUNICATION,4.0,18247,,100000.0,Paid,3.99,Everyone,5-Jul-18,63474688,USD,3.99,7565,3.5,17+,Utilities,18247
TED,EDUCATION,4.6,181893,18000.0,10000000.0,Free,0.0,Everyone 10+,27-Jul-18,84056064,USD,0.0,5782,3.5,12+,Education,181893
TED,EDUCATION,4.6,181893,18000.0,10000000.0,Free,0.0,Everyone 10+,27-Jul-18,84056064,USD,0.0,5782,3.5,12+,Education,181893
TED,EDUCATION,4.6,181893,18000.0,10000000.0,Free,0.0,Everyone 10+,27-Jul-18,84056064,USD,0.0,5782,3.5,12+,Education,181893
TED,FAMILY,4.6,181961,18000.0,10000000.0,Free,0.0,Everyone 10+,27-Jul-18,84056064,USD,0.0,5782,3.5,12+,Education,181961
PBS KIDS Video,EDUCATION,4.2,36212,,5000000.0,Free,0.0,Everyone,12-Jul-18,57694208,USD,0.0,8651,3.5,4+,Education,36212
PBS KIDS Video,FAMILY,4.2,36214,,5000000.0,Free,0.0,Everyone,12-Jul-18,57694208,USD,0.0,8651,3.5,4+,Education,36214
Google Classroom,EDUCATION,4.2,69493,,10000000.0,Free,0.0,Everyone,19-Jul-18,143749120,USD,0.0,5942,4.0,4+,Education,69493
Google Classroom,EDUCATION,4.2,69498,,10000000.0,Free,0.0,Everyone,19-Jul-18,143749120,USD,0.0,5942,4.0,4+,Education,69498
Google Classroom,EDUCATION,4.2,69498,,10000000.0,Free,0.0,Everyone,19-Jul-18,143749120,USD,0.0,5942,4.0,4+,Education,69498
Edmodo,EDUCATION,4.1,200058,18000.0,10000000.0,Free,0.0,Everyone,20-Jul-18,127939584,USD,0.0,7197,3.5,4+,Education,200058
Edmodo,FAMILY,4.1,200214,18000.0,10000000.0,Free,0.0,Everyone,6-Aug-18,127939584,USD,0.0,7197,3.5,4+,Education,200214
ClassDojo,EDUCATION,4.4,148550,59000.0,10000000.0,Free,0.0,Everyone,3-Aug-18,80195584,USD,0.0,35440,4.5,4+,Education,148550
ClassDojo,EDUCATION,4.4,148549,59000.0,10000000.0,Free,0.0,Everyone,3-Aug-18,80195584,USD,0.0,35440,4.5,4+,Education,148549
ClassDojo,FAMILY,4.4,148536,59000.0,10000000.0,Free,0.0,Everyone,3-Aug-18,80195584,USD,0.0,35440,4.5,4+,Education,148536
Toca Life: City,EDUCATION,4.7,31085,24000.0,500000.0,Paid,3.99,Everyone,6-Jul-18,332123136,USD,2.99,3571,4.5,4+,Education,31085
Toca Life: City,FAMILY,4.7,31100,24000.0,500000.0,Paid,3.99,Everyone,6-Jul-18,332123136,USD,2.99,3571,4.5,4+,Education,31100
Netflix,ENTERTAINMENT,4.4,5456208,,100000000.0,Free,0.0,Teen,31-Jul-18,125016064,USD,0.0,308844,3.5,4+,Entertainment,5456208
Netflix,ENTERTAINMENT,4.4,5456208,,100000000.0,Free,0.0,Teen,31-Jul-18,125016064,USD,0.0,308844,3.5,4+,Entertainment,5456208
Netflix,ENTERTAINMENT,4.4,5456599,,100000000.0,Free,0.0,Teen,31-Jul-18,125016064,USD,0.0,308844,3.5,4+,Entertainment,5456599
Netflix,ENTERTAINMENT,4.4,5456708,,100000000.0,Free,0.0,Teen,31-Jul-18,125016064,USD,0.0,308844,3.5,4+,Entertainment,5456708
Netflix,FAMILY,4.4,5453997,,100000000.0,Free,0.0,Teen,31-Jul-18,125016064,USD,0.0,308844,3.5,4+,Entertainment,5453997
YouTube Kids,ENTERTAINMENT,4.5,470089,,50000000.0,Free,0.0,Everyone,3-Aug-18,119236608,USD,0.0,28560,4.5,4+,Entertainment,470089
YouTube Kids,FAMILY,4.5,470694,,50000000.0,Free,0.0,Everyone,3-Aug-18,119236608,USD,0.0,28560,4.5,4+,Entertainment,470694
YouTube Kids,FAMILY,4.5,470713,,50000000.0,Free,0.0,Everyone,3-Aug-18,119236608,USD,0.0,28560,4.5,4+,Entertainment,470713
YouTube Kids,FAMILY,4.5,469851,,50000000.0,Free,0.0,Everyone,3-Aug-18,119236608,USD,0.0,28560,4.5,4+,Entertainment,469851
Talking Ginger 2,ENTERTAINMENT,4.2,702975,49000.0,50000000.0,Free,0.0,Everyone,5-Jul-18,81372160,USD,0.0,8311,4.5,4+,Entertainment,702975
Amazon Prime Video,ENTERTAINMENT,4.2,411683,24000.0,50000000.0,Free,0.0,Teen,2-Aug-18,69435392,USD,0.0,43667,4.0,12+,Entertainment,411683
Regal Cinemas,ENTERTAINMENT,4.3,32732,,1000000.0,Free,0.0,Everyone,19-Jul-18,76895232,USD,0.0,13257,4.5,4+,Entertainment,32732
Fandango Movies - Times + Tickets,ENTERTAINMENT,4.6,243747,,10000000.0,Free,0.0,Teen,2-Aug-18,81924096,USD,0.0,291787,4.0,4+,Entertainment,243747
Fandango Movies - Times + Tickets,ENTERTAINMENT,4.6,243747,,10000000.0,Free,0.0,Teen,2-Aug-18,81924096,USD,0.0,291787,4.0,4+,Entertainment,243747
STARZ,ENTERTAINMENT,4.3,88185,,10000000.0,Free,0.0,Mature 17+,20-Jun-18,110111744,USD,0.0,8971,3.5,17+,Entertainment,88185
STARZ,ENTERTAINMENT,4.3,88185,,10000000.0,Free,0.0,Mature 17+,20-Jun-18,110111744,USD,0.0,8971,3.5,17+,Entertainment,88185
STARZ,ENTERTAINMENT,4.3,88185,,10000000.0,Free,0.0,Mature 17+,20-Jun-18,110111744,USD,0.0,8971,3.5,17+,Entertainment,88185
Nick,ENTERTAINMENT,4.2,123279,25000.0,10000000.0,Free,0.0,Everyone 10+,24-Jan-18,38045696,USD,0.0,13237,3.5,4+,Entertainment,123279
Nick,ENTERTAINMENT,4.2,123279,25000.0,10000000.0,Free,0.0,Everyone 10+,24-Jan-18,38045696,USD,0.0,13237,3.5,4+,Entertainment,123279
Nick,ENTERTAINMENT,4.2,123279,25000.0,10000000.0,Free,0.0,Everyone 10+,24-Jan-18,38045696,USD,0.0,13237,3.5,4+,Entertainment,123279
Nick,ENTERTAINMENT,4.2,123279,25000.0,10000000.0,Free,0.0,Everyone 10+,24-Jan-18,38045696,USD,0.0,13237,3.5,4+,Entertainment,123279
Nick,FAMILY,4.2,123322,25000.0,10000000.0,Free,0.0,Everyone 10+,24-Jan-18,38045696,USD,0.0,13237,3.5,4+,Entertainment,123322
Nick,FAMILY,4.2,123309,25000.0,10000000.0,Free,0.0,Everyone 10+,24-Jan-18,38045696,USD,0.0,13237,3.5,4+,Entertainment,123309
The CW,ENTERTAINMENT,4.4,288150,21000.0,5000000.0,Free,0.0,Teen,23-Jul-18,30552064,USD,0.0,97368,4.5,12+,Entertainment,288150
The CW,ENTERTAINMENT,4.4,288150,21000.0,5000000.0,Free,0.0,Teen,23-Jul-18,30552064,USD,0.0,97368,4.5,12+,Entertainment,288150
The CW,ENTERTAINMENT,4.4,288150,21000.0,5000000.0,Free,0.0,Teen,23-Jul-18,30552064,USD,0.0,97368,4.5,12+,Entertainment,288150
The CW,FAMILY,4.4,288209,21000.0,5000000.0,Free,0.0,Teen,23-Jul-18,30552064,USD,0.0,97368,4.5,12+,Entertainment,288209
BET NOW - Watch Shows,ENTERTAINMENT,4.2,14807,19000.0,1000000.0,Free,0.0,Teen,8-Jul-18,37992448,USD,0.0,967,2.5,17+,Entertainment,14807
BET NOW - Watch Shows,ENTERTAINMENT,4.2,14807,19000.0,1000000.0,Free,0.0,Teen,8-Jul-18,37992448,USD,0.0,967,2.5,17+,Entertainment,14807
BET NOW - Watch Shows,ENTERTAINMENT,4.2,14807,19000.0,1000000.0,Free,0.0,Teen,8-Jul-18,37992448,USD,0.0,967,2.5,17+,Entertainment,14807
SHOWTIME,ENTERTAINMENT,4.2,12398,,1000000.0,Free,0.0,Teen,2-Jul-18,25903104,USD,0.0,1214,2.5,17+,Entertainment,12398
SHOWTIME,ENTERTAINMENT,4.2,12398,,1000000.0,Free,0.0,Teen,2-Jul-18,25903104,USD,0.0,1214,2.5,17+,Entertainment,12398
WWE,ENTERTAINMENT,4.5,736864,20000.0,10000000.0,Free,0.0,Teen,19-Jan-18,88150016,USD,0.0,7553,4.0,12+,Entertainment,736864
WWE,FAMILY,4.5,736824,20000.0,10000000.0,Free,0.0,Teen,19-Jan-18,88150016,USD,0.0,7553,4.0,12+,Entertainment,736824
MTV,ENTERTAINMENT,3.8,35279,15000.0,1000000.0,Free,0.0,Teen,8-Jul-18,113787904,USD,0.0,5987,2.5,12+,Entertainment,35279
MTV,ENTERTAINMENT,3.8,35279,15000.0,1000000.0,Free,0.0,Teen,8-Jul-18,113787904,USD,0.0,5987,2.5,12+,Entertainment,35279
Redbox,ENTERTAINMENT,4.1,115033,30000.0,10000000.0,Free,0.0,Everyone,2-Jul-18,83906560,USD,0.0,60236,3.0,12+,Entertainment,115033
My Talking Pet,ENTERTAINMENT,4.6,6238,,100000.0,Paid,4.99,Everyone,30-Jun-18,51005440,USD,1.99,9035,4.5,4+,Entertainment,6238
Wells Fargo Mobile,FINANCE,4.4,250706,37000.0,10000000.0,Free,0.0,Everyone,31-Jul-18,57328640,USD,0.0,43064,3.0,4+,Finance,250706
Wells Fargo Mobile,FINANCE,4.4,250719,37000.0,10000000.0,Free,0.0,Everyone,31-Jul-18,57328640,USD,0.0,43064,3.0,4+,Finance,250719
USAA Mobile,FINANCE,4.5,100997,33000.0,5000000.0,Free,0.0,Everyone,27-Jul-18,164382720,USD,0.0,19946,4.0,4+,Finance,100997
Amex Mobile,FINANCE,4.3,24729,32000.0,1000000.0,Free,0.0,Everyone,3-Aug-18,105982976,USD,0.0,11421,4.0,4+,Finance,24729
Citi Mobile®,FINANCE,4.0,78306,46000.0,5000000.0,Free,0.0,Everyone,31-Jul-18,281244672,USD,0.0,48822,3.5,4+,Finance,78306
Chase Mobile,FINANCE,4.6,1374549,32000.0,10000000.0,Free,0.0,Everyone,23-Jul-18,34950144,USD,0.0,34322,4.5,4+,Finance,1374549
McDonald's,FOOD_AND_DRINK,3.6,145323,42000.0,10000000.0,Free,0.0,Everyone,31-Jul-18,202457088,USD,0.0,4050,2.0,4+,Food & Drink,145323
McDonald's,FOOD_AND_DRINK,3.6,145646,42000.0,10000000.0,Free,0.0,Everyone,31-Jul-18,202457088,USD,0.0,4050,2.0,4+,Food & Drink,145646
Chick-fil-A,FOOD_AND_DRINK,4.3,28008,17000.0,5000000.0,Free,0.0,Everyone,3-Aug-18,96230400,USD,0.0,5665,3.5,4+,Food & Drink,28008
Chick-fil-A,FOOD_AND_DRINK,4.3,28009,17000.0,5000000.0,Free,0.0,Everyone,3-Aug-18,96230400,USD,0.0,5665,3.5,4+,Food & Drink,28009
Chick-fil-A,FOOD_AND_DRINK,4.3,27931,17000.0,5000000.0,Free,0.0,Everyone,3-Aug-18,96230400,USD,0.0,5665,3.5,4+,Food & Drink,27931
Starbucks,FOOD_AND_DRINK,4.5,455377,35000.0,10000000.0,Free,0.0,Everyone,1-Aug-18,135032832,USD,0.0,303856,4.5,4+,Food & Drink,455377
Starbucks,FOOD_AND_DRINK,4.5,455496,35000.0,10000000.0,Free,0.0,Everyone,1-Aug-18,135032832,USD,0.0,303856,4.5,4+,Food & Drink,455496
Domino's Pizza USA,FOOD_AND_DRINK,4.7,1032935,,10000000.0,Free,0.0,Everyone,20-Jul-18,105743360,USD,0.0,258624,5.0,4+,Food & Drink,1032935
Domino's Pizza USA,FOOD_AND_DRINK,4.7,1032935,,10000000.0,Free,0.0,Everyone,20-Jul-18,105743360,USD,0.0,258624,5.0,4+,Food & Drink,1032935
SONIC Drive-In,FOOD_AND_DRINK,4.3,19314,43000.0,1000000.0,Free,0.0,Everyone,31-Jul-18,71068672,USD,0.0,1645,4.0,4+,Food & Drink,19314
SONIC Drive-In,FOOD_AND_DRINK,4.3,19373,43000.0,1000000.0,Free,0.0,Everyone,31-Jul-18,71068672,USD,0.0,1645,4.0,4+,Food & Drink,19373
Allrecipes Dinner Spinner,FOOD_AND_DRINK,4.5,61881,,5000000.0,Free,0.0,Everyone,10-Apr-18,36399104,USD,0.0,109349,3.5,12+,Food & Drink,61881
Paprika Recipe Manager,FOOD_AND_DRINK,4.1,1268,2300.0,50000.0,Paid,4.99,Everyone,3-Jun-18,10432512,USD,4.99,1755,4.5,17+,Food & Drink,1268
DoorDash - Food Delivery,FOOD_AND_DRINK,4.5,104504,,1000000.0,Free,0.0,Everyone,31-Jul-18,100554752,USD,0.0,25947,4.5,4+,Food & Drink,104504
Fitbit,HEALTH_AND_FITNESS,3.9,357417,,10000000.0,Free,0.0,Everyone,26-Jul-18,132913152,USD,0.0,90496,4.0,4+,Health & Fitness,357417
Seven - 7 Minute Workout Training Challenge,HEALTH_AND_FITNESS,4.5,75571,,1000000.0,Free,0.0,Everyone,3-Aug-18,142803968,USD,0.0,6808,4.5,4+,Health & Fitness,75571
Seven - 7 Minute Workout Training Challenge,HEALTH_AND_FITNESS,4.5,75571,,1000000.0,Free,0.0,Everyone,3-Aug-18,142803968,USD,0.0,6808,4.5,4+,Health & Fitness,75571
Pocket Yoga,HEALTH_AND_FITNESS,4.4,2107,,100000.0,Paid,2.99,Everyone,22-Dec-15,132480000,USD,2.99,4475,4.5,4+,Health & Fitness,2107
Pocket Yoga,HEALTH_AND_FITNESS,4.4,2107,,100000.0,Paid,2.99,Everyone,22-Dec-15,132480000,USD,2.99,4475,4.5,4+,Health & Fitness,2107
Geocaching®,HEALTH_AND_FITNESS,4.1,62616,,5000000.0,Free,0.0,Teen,2-Aug-18,108166144,USD,0.0,12811,3.5,4+,Navigation,62616
H&M,LIFESTYLE,3.7,41941,14000.0,10000000.0,Free,0.0,Everyone,30-Jul-18,27372544,USD,0.0,687,3.0,4+,Shopping,41941
H&M,LIFESTYLE,3.7,41917,14000.0,10000000.0,Free,0.0,Everyone,30-Jul-18,27372544,USD,0.0,687,3.0,4+,Shopping,41917
ROBLOX,GAME,4.5,4447388,67000.0,100000000.0,Free,0.0,Everyone 10+,31-Jul-18,115178496,USD,0.0,183621,4.5,12+,Games,4447388
ROBLOX,GAME,4.5,4447346,67000.0,100000000.0,Free,0.0,Everyone 10+,31-Jul-18,115178496,USD,0.0,183621,4.5,12+,Games,4447346
ROBLOX,GAME,4.5,4448791,67000.0,100000000.0,Free,0.0,Everyone 10+,31-Jul-18,115178496,USD,0.0,183621,4.5,12+,Games,4448791
ROBLOX,GAME,4.5,4449882,67000.0,100000000.0,Free,0.0,Everyone 10+,31-Jul-18,115178496,USD,0.0,183621,4.5,12+,Games,4449882
ROBLOX,GAME,4.5,4449910,67000.0,100000000.0,Free,0.0,Everyone 10+,31-Jul-18,115178496,USD,0.0,183621,4.5,12+,Games,4449910
ROBLOX,FAMILY,4.5,4449910,67000.0,100000000.0,Free,0.0,Everyone 10+,31-Jul-18,115178496,USD,0.0,183621,4.5,12+,Games,4449910
ROBLOX,FAMILY,4.5,4450855,67000.0,100000000.0,Free,0.0,Everyone 10+,31-Jul-18,115178496,USD,0.0,183621,4.5,12+,Games,4450855
ROBLOX,FAMILY,4.5,4450890,67000.0,100000000.0,Free,0.0,Everyone 10+,31-Jul-18,115178496,USD,0.0,183621,4.5,12+,Games,4450890
ROBLOX,FAMILY,4.5,4443407,67000.0,100000000.0,Free,0.0,Everyone 10+,31-Jul-18,115178496,USD,0.0,183621,4.5,12+,Games,4443407
Subway Surfers,GAME,4.5,27722264,76000.0,1000000000.0,Free,0.0,Everyone 10+,12-Jul-18,156038144,USD,0.0,706110,4.5,9+,Games,27722264
Subway Surfers,GAME,4.5,27723193,76000.0,1000000000.0,Free,0.0,Everyone 10+,12-Jul-18,156038144,USD,0.0,706110,4.5,9+,Games,27723193
Subway Surfers,GAME,4.5,27724094,76000.0,1000000000.0,Free,0.0,Everyone 10+,12-Jul-18,156038144,USD,0.0,706110,4.5,9+,Games,27724094
Subway Surfers,GAME,4.5,27725352,76000.0,1000000000.0,Free,0.0,Everyone 10+,12-Jul-18,156038144,USD,0.0,706110,4.5,9+,Games,27725352
Subway Surfers,GAME,4.5,27725352,76000.0,1000000000.0,Free,0.0,Everyone 10+,12-Jul-18,156038144,USD,0.0,706110,4.5,9+,Games,27725352
Subway Surfers,GAME,4.5,27711703,76000.0,1000000000.0,Free,0.0,Everyone 10+,12-Jul-18,156038144,USD,0.0,706110,4.5,9+,Games,27711703
Candy Crush Saga,GAME,4.4,22426677,74000.0,500000000.0,Free,0.0,Everyone,5-Jul-18,222846976,USD,0.0,961794,4.5,4+,Games,22426677
Candy Crush Saga,GAME,4.4,22428456,74000.0,500000000.0,Free,0.0,Everyone,5-Jul-18,222846976,USD,0.0,961794,4.5,4+,Games,22428456
Candy Crush Saga,GAME,4.4,22428456,74000.0,500000000.0,Free,0.0,Everyone,5-Jul-18,222846976,USD,0.0,961794,4.5,4+,Games,22428456
Candy Crush Saga,GAME,4.4,22429716,74000.0,500000000.0,Free,0.0,Everyone,5-Jul-18,222846976,USD,0.0,961794,4.5,4+,Games,22429716
Candy Crush Saga,GAME,4.4,22430188,74000.0,500000000.0,Free,0.0,Everyone,5-Jul-18,222846976,USD,0.0,961794,4.5,4+,Games,22430188
Candy Crush Saga,GAME,4.4,22430188,74000.0,500000000.0,Free,0.0,Everyone,5-Jul-18,222846976,USD,0.0,961794,4.5,4+,Games,22430188
Candy Crush Saga,FAMILY,4.4,22419455,74000.0,500000000.0,Free,0.0,Everyone,5-Jul-18,222846976,USD,0.0,961794,4.5,4+,Games,22419455
Solitaire,GAME,4.7,254258,23000.0,10000000.0,Free,0.0,Everyone,1-Aug-18,101943296,USD,0.0,679055,4.5,4+,Games,254258
Solitaire,GAME,4.7,154264,12000.0,10000000.0,Free,0.0,Everyone,8-Jun-18,101943296,USD,0.0,679055,4.5,4+,Games,154264
Solitaire,FAMILY,4.4,685,26000.0,100000.0,Free,0.0,Everyone,16-Jul-18,101943296,USD,0.0,679055,4.5,4+,Games,685
slither.io,GAME,4.4,5234162,,100000000.0,Free,0.0,Everyone,14-Nov-17,32516096,USD,0.0,107817,3.5,4+,Games,5234162
slither.io,GAME,4.4,5234825,,100000000.0,Free,0.0,Everyone,14-Nov-17,32516096,USD,0.0,107817,3.5,4+,Games,5234825
slither.io,GAME,4.4,5234810,,100000000.0,Free,0.0,Everyone,14-Nov-17,32516096,USD,0.0,107817,3.5,4+,Games,5234810
slither.io,GAME,4.4,5235294,,100000000.0,Free,0.0,Everyone,14-Nov-17,32516096,USD,0.0,107817,3.5,4+,Games,5235294
slither.io,GAME,4.4,5235294,,100000000.0,Free,0.0,Everyone,14-Nov-17,32516096,USD,0.0,107817,3.5,4+,Games,5235294
slither.io,GAME,4.4,5231553,,100000000.0,Free,0.0,Everyone,14-Nov-17,32516096,USD,0.0,107817,3.5,4+,Games,5231553
Clash Royale,GAME,4.6,23133508,97000.0,100000000.0,Free,0.0,Everyone 10+,27-Jun-18,114408448,USD,0.0,266921,4.5,9+,Games,23133508
Clash Royale,GAME,4.6,23134775,97000.0,100000000.0,Free,0.0,Everyone 10+,27-Jun-18,114408448,USD,0.0,266921,4.5,9+,Games,23134775
Clash Royale,GAME,4.6,23136735,97000.0,100000000.0,Free,0.0,Everyone 10+,27-Jun-18,114408448,USD,0.0,266921,4.5,9+,Games,23136735
Clash Royale,FAMILY,4.6,23125280,97000.0,100000000.0,Free,0.0,Everyone 10+,27-Jun-18,114408448,USD,0.0,266921,4.5,9+,Games,23125280
Temple Run 2,GAME,4.3,8118609,62000.0,500000000.0,Free,0.0,Everyone,5-Jul-18,158025728,USD,0.0,295211,4.5,9+,Games,8118609
Temple Run 2,GAME,4.3,8118937,62000.0,500000000.0,Free,0.0,Everyone,5-Jul-18,158025728,USD,0.0,295211,4.5,9+,Games,8118937
Temple Run 2,GAME,4.3,8118937,62000.0,500000000.0,Free,0.0,Everyone,5-Jul-18,158025728,USD,0.0,295211,4.5,9+,Games,8118937
Temple Run 2,GAME,4.3,8119151,62000.0,500000000.0,Free,0.0,Everyone,5-Jul-18,158025728,USD,0.0,295211,4.5,9+,Games,8119151
Temple Run 2,GAME,4.3,8119154,62000.0,500000000.0,Free,0.0,Everyone,5-Jul-18,158025728,USD,0.0,295211,4.5,9+,Games,8119154
Temple Run 2,GAME,4.3,8116142,62000.0,500000000.0,Free,0.0,Everyone,5-Jul-18,158025728,USD,0.0,295211,4.5,9+,Games,8116142
Pou,GAME,4.3,10485308,24000.0,500000000.0,Free,0.0,Everyone,25-May-18,40968192,USD,0.0,3783,4.5,4+,Games,10485308
Pou,GAME,4.3,10485334,24000.0,500000000.0,Free,0.0,Everyone,25-May-18,40968192,USD,0.0,3783,4.5,4+,Games,10485334
Pou,GAME,4.3,10486018,24000.0,500000000.0,Free,0.0,Everyone,25-May-18,40968192,USD,0.0,3783,4.5,4+,Games,10486018
Pou,FAMILY,4.3,10483141,24000.0,500000000.0,Free,0.0,Everyone,25-May-18,40968192,USD,0.0,3783,4.5,4+,Games,10483141
Angry Birds Rio,GAME,4.4,2610526,46000.0,100000000.0,Free,0.0,Everyone,3-Jul-18,138319872,USD,0.0,170843,4.5,4+,Games,2610526
Angry Birds Rio,GAME,4.4,2610622,46000.0,100000000.0,Free,0.0,Everyone,3-Jul-18,138319872,USD,0.0,170843,4.5,4+,Games,2610622
Angry Birds Rio,GAME,4.4,2610680,46000.0,100000000.0,Free,0.0,Everyone,3-Jul-18,138319872,USD,0.0,170843,4.5,4+,Games,2610680
Angry Birds Rio,GAME,4.4,2610328,46000.0,100000000.0,Free,0.0,Everyone,3-Jul-18,138319872,USD,0.0,170843,4.5,4+,Games,2610328
Sonic Dash,GAME,4.5,3778921,75000.0,100000000.0,Free,0.0,Everyone,26-Jul-18,186687488,USD,0.0,418033,4.5,4+,Games,3778921
Sonic Dash,GAME,4.5,3777822,75000.0,100000000.0,Free,0.0,Everyone,26-Jul-18,186687488,USD,0.0,418033,4.5,4+,Games,3777822
Candy Crush Soda Saga,GAME,4.4,6198563,67000.0,100000000.0,Free,0.0,Everyone,10-Jul-18,241862656,USD,0.0,133394,4.5,4+,Games,6198563
Candy Crush Soda Saga,GAME,4.4,6198880,67000.0,100000000.0,Free,0.0,Everyone,10-Jul-18,241862656,USD,0.0,133394,4.5,4+,Games,6198880
Candy Crush Soda Saga,GAME,4.4,6199095,67000.0,100000000.0,Free,0.0,Everyone,10-Jul-18,241862656,USD,0.0,133394,4.5,4+,Games,6199095
Clash of Clans,GAME,4.6,44891723,98000.0,100000000.0,Free,0.0,Everyone 10+,15-Jul-18,116476928,USD,0.0,2130805,4.5,9+,Games,44891723
Clash of Clans,GAME,4.6,44891723,98000.0,100000000.0,Free,0.0,Everyone 10+,15-Jul-18,116476928,USD,0.0,2130805,4.5,9+,Games,44891723
Clash of Clans,GAME,4.6,44893888,98000.0,100000000.0,Free,0.0,Everyone 10+,15-Jul-18,116476928,USD,0.0,2130805,4.5,9+,Games,44893888
Clash of Clans,FAMILY,4.6,44881447,98000.0,100000000.0,Free,0.0,Everyone 10+,15-Jul-18,116476928,USD,0.0,2130805,4.5,9+,Games,44881447
PAC-MAN,GAME,4.2,685981,37000.0,100000000.0,Free,0.0,Everyone,15-May-18,100849664,USD,0.0,508808,3.0,4+,Games,685981
PAC-MAN,GAME,4.2,685450,37000.0,100000000.0,Free,0.0,Everyone,15-May-18,100849664,USD,0.0,508808,3.0,4+,Games,685450
Flow Free,GAME,4.3,1295557,11000.0,100000000.0,Free,0.0,Everyone,11-Apr-18,20669440,USD,0.0,373857,4.5,4+,Games,1295557
Flow Free,GAME,4.3,1295606,11000.0,100000000.0,Free,0.0,Everyone,11-Apr-18,20669440,USD,0.0,373857,4.5,4+,Games,1295606
Flow Free,GAME,4.3,1295625,11000.0,100000000.0,Free,0.0,Everyone,11-Apr-18,20669440,USD,0.0,373857,4.5,4+,Games,1295625
Flow Free,GAME,4.3,1295625,11000.0,100000000.0,Free,0.0,Everyone,11-Apr-18,20669440,USD,0.0,373857,4.5,4+,Games,1295625
Flow Free,FAMILY,4.3,1295293,11000.0,100000000.0,Free,0.0,Everyone,11-Apr-18,20669440,USD,0.0,373857,4.5,4+,Games,1295293
Fishdom,GAME,4.6,2157930,,10000000.0,Free,0.0,Everyone,19-Jul-18,181924864,USD,0.0,39217,4.5,4+,Games,2157930
Fishdom,GAME,4.6,2157930,,10000000.0,Free,0.0,Everyone,19-Jul-18,181924864,USD,0.0,39217,4.5,4+,Games,2157930
Fishdom,GAME,4.6,2158580,,10000000.0,Free,0.0,Everyone,19-Jul-18,181924864,USD,0.0,39217,4.5,4+,Games,2158580
Zombie Tsunami,GAME,4.4,4920817,,100000000.0,Free,0.0,Everyone 10+,15-Jun-18,115895296,USD,0.0,31311,4.5,4+,Games,4920817
Zombie Tsunami,GAME,4.4,4921122,,100000000.0,Free,0.0,Everyone 10+,15-Jun-18,115895296,USD,0.0,31311,4.5,4+,Games,4921122
Zombie Tsunami,GAME,4.4,4921451,,100000000.0,Free,0.0,Everyone 10+,15-Jun-18,115895296,USD,0.0,31311,4.5,4+,Games,4921451
Zombie Tsunami,GAME,4.4,4921409,,100000000.0,Free,0.0,Everyone 10+,15-Jun-18,115895296,USD,0.0,31311,4.5,4+,Games,4921409
Zombie Tsunami,GAME,4.4,4918776,,100000000.0,Free,0.0,Everyone 10+,15-Jun-18,115895296,USD,0.0,31311,4.5,4+,Games,4918776
Candy Crush Jelly Saga,GAME,4.3,1300490,78000.0,50000000.0,Free,0.0,Everyone,20-Jul-18,196369408,USD,0.0,32395,4.0,4+,Games,1300490
Candy Crush Jelly Saga,GAME,4.3,1300619,78000.0,50000000.0,Free,0.0,Everyone,20-Jul-18,196369408,USD,0.0,32395,4.0,4+,Games,1300619
Hill Climb Racing,GAME,4.4,8923587,63000.0,100000000.0,Free,0.0,Everyone,2-Jul-18,108322816,USD,0.0,108183,4.5,9+,Games,8923587
Hill Climb Racing,GAME,4.4,8923818,63000.0,100000000.0,Free,0.0,Everyone,2-Jul-18,108322816,USD,0.0,108183,4.5,9+,Games,8923818
Hill Climb Racing,GAME,4.4,8923847,63000.0,100000000.0,Free,0.0,Everyone,2-Jul-18,108322816,USD,0.0,108183,4.5,9+,Games,8923847
Hill Climb Racing,GAME,4.4,8921451,63000.0,100000000.0,Free,0.0,Everyone,2-Jul-18,108322816,USD,0.0,108183,4.5,9+,Games,8921451
Zombie Catchers,GAME,4.7,990491,75000.0,10000000.0,Free,0.0,Everyone,24-May-18,103388160,USD,0.0,16805,4.5,12+,Games,990491
Zombie Catchers,GAME,4.7,990586,75000.0,10000000.0,Free,0.0,Everyone,24-May-18,103388160,USD,0.0,16805,4.5,12+,Games,990586
Zombie Catchers,GAME,4.7,990723,75000.0,10000000.0,Free,0.0,Everyone,24-May-18,103388160,USD,0.0,16805,4.5,12+,Games,990723
Zombie Catchers,GAME,4.7,990663,75000.0,10000000.0,Free,0.0,Everyone,24-May-18,103388160,USD,0.0,16805,4.5,12+,Games,990663
Zombie Catchers,GAME,4.7,990796,75000.0,10000000.0,Free,0.0,Everyone,24-May-18,103388160,USD,0.0,16805,4.5,12+,Games,990796
Zombie Catchers,GAME,4.7,989158,75000.0,10000000.0,Free,0.0,Everyone,24-May-18,103388160,USD,0.0,16805,4.5,12+,Games,989158
Farm Heroes Saga,GAME,4.4,7614130,70000.0,100000000.0,Free,0.0,Everyone,26-Jul-18,262421504,USD,0.0,187579,4.5,4+,Games,7614130
Farm Heroes Saga,GAME,4.4,7614271,70000.0,100000000.0,Free,0.0,Everyone,26-Jul-18,262421504,USD,0.0,187579,4.5,4+,Games,7614271
Farm Heroes Saga,GAME,4.4,7614415,70000.0,100000000.0,Free,0.0,Everyone,26-Jul-18,262421504,USD,0.0,187579,4.5,4+,Games,7614415
Farm Heroes Saga,GAME,4.4,7614407,70000.0,100000000.0,Free,0.0,Everyone,26-Jul-18,262421504,USD,0.0,187579,4.5,4+,Games,7614407
Farm Heroes Saga,FAMILY,4.4,7615646,71000.0,100000000.0,Free,0.0,Everyone,7-Aug-18,262421504,USD,0.0,187579,4.5,4+,Games,7615646
Geometry Dash World,GAME,4.6,760628,63000.0,10000000.0,Free,0.0,Everyone,22-Dec-17,64278528,USD,0.0,5114,4.5,4+,Games,760628
Geometry Dash World,GAME,4.6,759838,63000.0,10000000.0,Free,0.0,Everyone,22-Dec-17,64278528,USD,0.0,5114,4.5,4+,Games,759838
My Talking Angela,GAME,4.5,9881829,99000.0,100000000.0,Free,0.0,Everyone,3-Jul-18,398783488,USD,0.0,54549,4.5,4+,Games,9881829
My Talking Angela,GAME,4.5,9881908,99000.0,100000000.0,Free,0.0,Everyone,3-Jul-18,398783488,USD,0.0,54549,4.5,4+,Games,9881908
My Talking Angela,GAME,4.5,9883367,99000.0,100000000.0,Free,0.0,Everyone,3-Jul-18,398783488,USD,0.0,54549,4.5,4+,Games,9883367
My Talking Angela,FAMILY,4.5,9876369,99000.0,100000000.0,Free,0.0,Everyone,3-Jul-18,398783488,USD,0.0,54549,4.5,4+,Games,9876369
Cooking Fever,GAME,4.5,3197865,82000.0,100000000.0,Free,0.0,Everyone,12-Jul-18,106808320,USD,0.0,107797,4.5,4+,Games,3197865
Cooking Fever,GAME,4.5,3198176,82000.0,100000000.0,Free,0.0,Everyone,12-Jul-18,106808320,USD,0.0,107797,4.5,4+,Games,3198176
Score! Hero,GAME,4.6,5418675,96000.0,100000000.0,Free,0.0,Everyone,13-Jun-18,170775552,USD,0.0,85395,4.5,4+,Games,5418675
Score! Hero,GAME,4.6,5419676,96000.0,100000000.0,Free,0.0,Everyone,13-Jun-18,170775552,USD,0.0,85395,4.5,4+,Games,5419676
Score! Hero,GAME,4.6,5419676,96000.0,100000000.0,Free,0.0,Everyone,13-Jun-18,170775552,USD,0.0,85395,4.5,4+,Games,5419676
Toy Blast,GAME,4.7,1889250,,50000000.0,Free,0.0,Everyone,23-Jul-18,268521472,USD,0.0,75822,4.5,4+,Games,1889250
Toy Blast,GAME,4.7,1889582,,50000000.0,Free,0.0,Everyone,23-Jul-18,268521472,USD,0.0,75822,4.5,4+,Games,1889582
My Talking Tom,GAME,4.5,14891223,,500000000.0,Free,0.0,Everyone,19-Jul-18,255747072,USD,0.0,123859,4.5,4+,Games,14891223
My Talking Tom,GAME,4.5,14892469,,500000000.0,Free,0.0,Everyone,19-Jul-18,255747072,USD,0.0,123859,4.5,4+,Games,14892469
My Talking Tom,FAMILY,4.5,14885236,,500000000.0,Free,0.0,Everyone,19-Jul-18,255747072,USD,0.0,123859,4.5,4+,Games,14885236
Traffic Racer,GAME,4.5,5387639,53000.0,100000000.0,Free,0.0,Everyone,27-Feb-18,132160512,USD,0.0,22458,4.5,4+,Games,5387639
Traffic Racer,GAME,4.5,5387781,53000.0,100000000.0,Free,0.0,Everyone,27-Feb-18,132160512,USD,0.0,22458,4.5,4+,Games,5387781
Hill Climb Racing 2,GAME,4.6,2750410,,100000000.0,Free,0.0,Everyone,2-Aug-18,120797184,USD,0.0,33854,4.5,9+,Games,2750410
Hill Climb Racing 2,GAME,4.6,2750645,,100000000.0,Free,0.0,Everyone,2-Aug-18,120797184,USD,0.0,33854,4.5,9+,Games,2750645
Hungry Shark Evolution,GAME,4.5,6074334,100000.0,100000000.0,Free,0.0,Teen,25-Jul-18,320535552,USD,0.0,83784,4.5,12+,Games,6074334
Hungry Shark Evolution,GAME,4.5,6074627,100000.0,100000000.0,Free,0.0,Teen,25-Jul-18,320535552,USD,0.0,83784,4.5,12+,Games,6074627
Hungry Shark Evolution,GAME,4.5,6071542,100000.0,100000000.0,Free,0.0,Teen,25-Jul-18,320535552,USD,0.0,83784,4.5,12+,Games,6071542
Pokémon GO,GAME,4.1,10424925,85000.0,100000000.0,Free,0.0,Everyone,23-Jul-18,290762752,USD,0.0,257627,3.0,9+,Games,10424925
Pokémon GO,GAME,4.1,10421284,85000.0,100000000.0,Free,0.0,Everyone,23-Jul-18,290762752,USD,0.0,257627,3.0,9+,Games,10421284
Trivia Crack,GAME,4.5,6427773,95000.0,100000000.0,Free,0.0,Everyone,3-Aug-18,265484288,USD,0.0,393469,4.5,4+,Games,6427773
Tomb of the Mask,GAME,4.1,55380,39000.0,5000000.0,Free,0.0,Everyone,24-Jul-18,103051264,USD,0.0,8054,4.5,9+,Games,55380
Episode - Choose Your Story,GAME,4.3,1841061,,50000000.0,Free,0.0,Teen,31-Jul-18,182361088,USD,0.0,155903,4.5,12+,Games,1841061
Episode - Choose Your Story,FAMILY,4.3,1842381,,50000000.0,Free,0.0,Teen,31-Jul-18,182361088,USD,0.0,155903,4.5,12+,Games,1842381
The Game of Life,GAME,4.4,18621,63000.0,100000.0,Paid,2.99,Everyone,4-Jul-18,305483776,USD,2.99,2298,4.5,4+,Games,18621
The Game of Life,GAME,4.4,18652,63000.0,100000.0,Paid,2.99,Everyone,4-Jul-18,305483776,USD,2.99,2298,4.5,4+,Games,18652
RollerCoaster Tycoon® Classic,GAME,4.6,10795,69000.0,100000.0,Paid,5.99,Everyone,21-Dec-17,424826880,USD,5.99,1794,4.0,4+,Games,10795
Angry Birds 2,GAME,4.6,3883589,57000.0,100000000.0,Free,0.0,Everyone,26-Jul-18,446483456,USD,0.0,109104,4.0,4+,Games,3883589
Angry Birds 2,FAMILY,4.6,3881752,57000.0,100000000.0,Free,0.0,Everyone,26-Jul-18,446483456,USD,0.0,109104,4.0,4+,Games,3881752
Fallout Shelter,GAME,4.6,2719142,25000.0,10000000.0,Free,0.0,Teen,11-Jun-18,1172922368,USD,0.0,199396,4.5,12+,Games,2719142
Fallout Shelter,FAMILY,4.6,2721923,25000.0,10000000.0,Free,0.0,Teen,11-Jun-18,1172922368,USD,0.0,199396,4.5,12+,Games,2721923
The Sims™ FreePlay,GAME,4.3,931595,31000.0,10000000.0,Free,0.0,Teen,16-Jul-18,695603200,USD,0.0,446880,4.5,12+,Games,931595
The Sims™ FreePlay,FAMILY,4.3,931503,31000.0,10000000.0,Free,0.0,Teen,16-Jul-18,695603200,USD,0.0,446880,4.5,12+,Games,931503
MARVEL Contest of Champions,GAME,4.3,2468063,92000.0,50000000.0,Free,0.0,Teen,30-Jul-18,868048896,USD,0.0,233599,4.5,12+,Games,2468063
MARVEL Contest of Champions,GAME,4.3,2468915,92000.0,50000000.0,Free,0.0,Teen,30-Jul-18,868048896,USD,0.0,233599,4.5,12+,Games,2468915
Choices: Stories You Play,GAME,4.6,807338,93000.0,10000000.0,Free,0.0,Teen,30-Jul-18,108666880,USD,0.0,33698,4.5,12+,Games,807338
Choices: Stories You Play,FAMILY,4.6,807155,93000.0,10000000.0,Free,0.0,Teen,30-Jul-18,108666880,USD,0.0,33698,4.5,12+,Games,807155
Summoners War,GAME,4.3,2045554,28000.0,50000000.0,Free,0.0,Teen,30-Jul-18,38124544,USD,0.0,137122,4.5,12+,Games,2045554
FINAL FANTASY BRAVE EXVIUS,GAME,4.6,745684,83000.0,5000000.0,Free,0.0,Teen,17-Jul-18,108917760,USD,0.0,28187,4.5,12+,Games,745684
Doodle Jump,GAME,4.3,1083571,,50000000.0,Free,0.0,Everyone,20-Jul-18,48741376,USD,0.99,395261,4.5,4+,Games,1083571
Swamp Attack,GAME,4.4,2119218,70000.0,50000000.0,Free,0.0,Everyone 10+,29-Jun-18,123780096,USD,0.0,16968,4.5,17+,Games,2119218
Swamp Attack,GAME,4.4,2119235,70000.0,50000000.0,Free,0.0,Everyone 10+,29-Jun-18,123780096,USD,0.0,16968,4.5,17+,Games,2119235
Earn to Die 2,GAME,4.6,1327265,99000.0,50000000.0,Free,0.0,Teen,12-Apr-17,102755328,USD,1.99,3072,4.5,12+,Games,1327265
Earn to Die 2,GAME,4.6,1327269,99000.0,50000000.0,Free,0.0,Teen,12-Apr-17,102755328,USD,1.99,3072,4.5,12+,Games,1327269
Hungry Shark World,GAME,4.5,1242855,27000.0,50000000.0,Free,0.0,Teen,18-Jul-18,952222720,USD,0.0,24057,4.5,12+,Games,1242855
Hungry Shark World,GAME,4.5,1243017,27000.0,50000000.0,Free,0.0,Teen,18-Jul-18,952222720,USD,0.0,24057,4.5,12+,Games,1243017
Dude Perfect 2,GAME,4.5,401425,70000.0,10000000.0,Free,0.0,Everyone,12-Apr-17,103986176,USD,0.0,28361,4.5,4+,Games,401425
Dude Perfect 2,GAME,4.5,401648,70000.0,10000000.0,Free,0.0,Everyone,12-Apr-17,103986176,USD,0.0,28361,4.5,4+,Games,401648
Shadow Fight 2,GAME,4.6,10979062,88000.0,100000000.0,Free,0.0,Everyone 10+,2-Jul-18,144713728,USD,0.0,99206,4.5,12+,Games,10979062
Shadow Fight 2,GAME,4.6,10981850,88000.0,100000000.0,Free,0.0,Everyone 10+,2-Jul-18,144713728,USD,0.0,99206,4.5,12+,Games,10981850
Alto's Adventure,GAME,4.6,515657,63000.0,10000000.0,Free,0.0,Everyone,5-Jun-18,128664576,USD,4.99,7824,4.5,9+,Games,515657
Alto's Adventure,GAME,4.6,515240,63000.0,10000000.0,Free,0.0,Everyone,5-Jun-18,128664576,USD,4.99,7824,4.5,9+,Games,515240
Agar.io,GAME,4.2,3816799,32000.0,100000000.0,Free,0.0,Everyone,23-Jul-18,63954944,USD,0.0,176514,4.5,9+,Games,3816799
Agar.io,GAME,4.2,3815614,32000.0,100000000.0,Free,0.0,Everyone,23-Jul-18,63954944,USD,0.0,176514,4.5,9+,Games,3815614
diep.io,GAME,4.1,347883,20000.0,10000000.0,Free,0.0,Everyone,16-Mar-18,32992256,USD,0.0,9397,4.0,9+,Games,347883
Dragon Hills,GAME,4.5,354373,66000.0,10000000.0,Free,0.0,Everyone 10+,12-Oct-17,175003648,USD,1.99,5508,4.5,9+,Games,354373
Tiny Archers,GAME,4.5,80678,,5000000.0,Free,0.0,Mature 17+,25-May-18,167745536,USD,0.0,568,4.0,12+,Games,80678
War Robots,GAME,4.6,3073251,33000.0,50000000.0,Free,0.0,Everyone 10+,25-Jul-18,600535040,USD,0.0,97122,4.5,12+,Games,3073251
Jetpack Joyride,GAME,4.4,4638163,96000.0,100000000.0,Free,0.0,Everyone 10+,19-Jul-18,108813312,USD,0.0,405647,4.5,9+,Games,4638163
Jetpack Joyride,GAME,4.4,4637439,96000.0,100000000.0,Free,0.0,Everyone 10+,19-Jul-18,108813312,USD,0.0,405647,4.5,9+,Games,4637439
Toca Kitchen 2,FAMILY,4.5,1014822,56000.0,50000000.0,Free,0.0,Everyone,29-Jun-17,112056320,USD,2.99,1858,4.5,4+,Education,1014822
Toca Kitchen 2,FAMILY,4.5,1014846,56000.0,50000000.0,Free,0.0,Everyone,29-Jun-17,112056320,USD,2.99,1858,4.5,4+,Education,1014846
Toca Kitchen 2,FAMILY,4.5,1013465,56000.0,50000000.0,Free,0.0,Everyone,29-Jun-17,112056320,USD,2.99,1858,4.5,4+,Education,1013465
Farming Simulator 14,FAMILY,4.5,530854,51000.0,10000000.0,Free,0.0,Everyone,17-Jul-17,133218304,USD,0.0,3615,4.0,4+,Games,530854
Farming Simulator 14,FAMILY,4.5,530904,51000.0,10000000.0,Free,0.0,Everyone,17-Jul-17,133218304,USD,0.0,3615,4.0,4+,Games,530904
Hot Wheels: Race Off,FAMILY,4.5,520609,,10000000.0,Free,0.0,Everyone,28-Jun-18,245804032,USD,0.0,3141,4.5,4+,Games,520609
Hot Wheels: Race Off,FAMILY,4.5,520654,,10000000.0,Free,0.0,Everyone,28-Jun-18,245804032,USD,0.0,3141,4.5,4+,Games,520654
Thomas & Friends: Race On!,FAMILY,4.1,29319,26000.0,5000000.0,Free,0.0,Everyone,18-May-18,539088896,USD,0.0,89,3.0,4+,Games,29319
Thomas & Friends: Race On!,FAMILY,4.1,29319,26000.0,5000000.0,Free,0.0,Everyone,18-May-18,539088896,USD,0.0,89,3.0,4+,Games,29319
LEGO® Juniors Create & Cruise,FAMILY,4.1,673203,73000.0,50000000.0,Free,0.0,Everyone,19-Jan-18,241110016,USD,0.0,6152,4.0,4+,Games,673203
LEGO® Juniors Create & Cruise,FAMILY,4.1,672089,73000.0,50000000.0,Free,0.0,Everyone,19-Jan-18,241110016,USD,0.0,6152,4.0,4+,Games,672089
Plants vs. Zombies™ Heroes,FAMILY,4.4,379415,68000.0,10000000.0,Free,0.0,Everyone,26-Jun-18,153967616,USD,0.0,16305,4.5,9+,Games,379415
Plants vs. Zombies™ Heroes,FAMILY,4.4,379245,68000.0,10000000.0,Free,0.0,Everyone,26-Jun-18,153967616,USD,0.0,16305,4.5,9+,Games,379245
PAC-MAN Pop,FAMILY,4.3,24877,54000.0,5000000.0,Free,0.0,Everyone,20-Jun-18,247194624,USD,0.0,1000,4.5,4+,Games,24877
My Little Pony: Harmony Quest,FAMILY,4.1,148295,26000.0,10000000.0,Free,0.0,Everyone,5-Mar-18,714358784,USD,0.0,2265,4.0,4+,Entertainment,148295
My Little Pony: Harmony Quest,FAMILY,4.1,148405,26000.0,10000000.0,Free,0.0,Everyone,5-Mar-18,714358784,USD,0.0,2265,4.0,4+,Entertainment,148405
Disney Crossy Road,FAMILY,4.5,514088,83000.0,10000000.0,Free,0.0,Everyone,30-May-18,187282432,USD,0.0,38571,4.5,4+,Games,514088
Inside Out Thought Bubbles,FAMILY,4.4,623398,58000.0,10000000.0,Free,0.0,Everyone,31-Aug-17,164248576,USD,0.0,21881,4.5,4+,Games,623398
Inside Out Thought Bubbles,FAMILY,4.4,623398,58000.0,10000000.0,Free,0.0,Everyone,31-Aug-17,164248576,USD,0.0,21881,4.5,4+,Games,623398
Frozen Free Fall,FAMILY,4.3,1574197,37000.0,50000000.0,Free,0.0,Everyone,27-Jul-18,272471040,USD,0.0,50593,4.5,4+,Games,1574197
Frozen Free Fall,FAMILY,4.3,1574204,37000.0,50000000.0,Free,0.0,Everyone,27-Jul-18,272471040,USD,0.0,50593,4.5,4+,Games,1574204
Frozen Free Fall,FAMILY,4.3,1574546,37000.0,50000000.0,Free,0.0,Everyone,27-Jul-18,272471040,USD,0.0,50593,4.5,4+,Games,1574546
Shopkins World!,FAMILY,4.3,169609,34000.0,10000000.0,Free,0.0,Everyone,13-Jun-18,660983808,USD,0.0,3047,4.0,4+,Games,169609
Shopkins World!,FAMILY,4.3,169609,34000.0,10000000.0,Free,0.0,Everyone,13-Jun-18,660983808,USD,0.0,3047,4.0,4+,Games,169609
Toca Builders,FAMILY,4.2,3328,,100000.0,Paid,3.99,Everyone,13-Jul-17,87713792,USD,2.99,5102,4.5,4+,Education,3328
LEGO® Friends,FAMILY,4.4,854,6900.0,10000.0,Paid,4.99,Everyone,1-Dec-15,766447616,USD,4.99,400,4.0,4+,Games,854
"Alizay, pirate girl",FAMILY,4.5,197,11000.0,1000.0,Paid,2.99,Everyone,23-Mar-17,186402816,USD,2.99,14,4.5,4+,Book,197
RISK: Global Domination,FAMILY,4.0,68559,75000.0,5000000.0,Free,0.0,Everyone,31-Jul-18,222176256,USD,0.0,5217,4.0,9+,Games,68559
Tsuro - The Game of the Path,FAMILY,4.7,2195,37000.0,10000.0,Paid,2.99,Everyone,2-Aug-16,104660992,USD,2.99,539,4.5,4+,Games,2195
Sago Mini Babies,FAMILY,4.5,253,83000.0,10000.0,Paid,3.99,Everyone,28-Oct-16,105742336,USD,2.99,70,4.0,4+,Education,253
Sago Mini Babies,FAMILY,4.5,253,83000.0,10000.0,Paid,3.99,Everyone,28-Oct-16,105742336,USD,2.99,70,4.0,4+,Education,253
Dr. Panda & Toto's Treehouse,FAMILY,4.4,3396,9500.0,50000.0,Paid,3.99,Everyone,9-Dec-14,163213312,USD,3.99,455,4.5,4+,Entertainment,3396
Dr. Panda & Toto's Treehouse,FAMILY,4.4,3396,9500.0,50000.0,Paid,3.99,Everyone,9-Dec-14,163213312,USD,3.99,455,4.5,4+,Entertainment,3396
Dr. Panda & Toto's Treehouse,FAMILY,4.4,3397,9500.0,50000.0,Paid,3.99,Everyone,9-Dec-14,163213312,USD,3.99,455,4.5,4+,Entertainment,3397
Mad Libs,FAMILY,4.0,8126,61000.0,1000000.0,Free,0.0,Everyone,31-Jul-18,118498304,USD,0.0,117889,3.0,4+,Entertainment,8126
Animal Jam - Play Wild!,FAMILY,4.6,361970,58000.0,5000000.0,Free,0.0,Everyone,2-Aug-18,620323840,USD,0.0,26990,4.5,9+,Games,361970
Animal Jam - Play Wild!,FAMILY,4.6,361734,58000.0,5000000.0,Free,0.0,Everyone,2-Aug-18,620323840,USD,0.0,26990,4.5,9+,Games,361734
Real Racing 3,FAMILY,4.5,354384,71000.0,10000000.0,Free,0.0,Everyone,2-Jul-18,874184704,USD,0.0,164483,4.5,4+,Games,354384
Real Racing 3,FAMILY,4.5,354454,71000.0,10000000.0,Free,0.0,Everyone,2-Jul-18,874184704,USD,0.0,164483,4.5,4+,Games,354454
AnatomyMapp,MEDICAL,4.1,80,48000.0,5000.0,Paid,14.99,Everyone,5-Nov-13,104392704,USD,9.99,23,3.5,4+,Medical,80
AnatomyMapp,MEDICAL,4.1,80,48000.0,5000.0,Paid,14.99,Everyone,5-Nov-13,104392704,USD,9.99,23,3.5,4+,Medical,80
"Muscle Premium - Human Anatomy, Kinesiology, Bones",MEDICAL,4.2,168,25000.0,10000.0,Paid,24.99,Everyone,11-Aug-17,1101865984,USD,19.99,406,4.5,12+,Medical,168
"Muscle Premium - Human Anatomy, Kinesiology, Bones",MEDICAL,4.2,168,25000.0,10000.0,Paid,24.99,Everyone,11-Aug-17,1101865984,USD,19.99,406,4.5,12+,Medical,168
Facebook,SOCIAL,4.1,78158306,,1000000000.0,Free,0.0,Teen,3-Aug-18,389879808,USD,0.0,2974676,3.5,4+,Social Networking,78158306
Facebook,SOCIAL,4.1,78128208,,1000000000.0,Free,0.0,Teen,3-Aug-18,389879808,USD,0.0,2974676,3.5,4+,Social Networking,78128208
Instagram,SOCIAL,4.5,66577313,,1000000000.0,Free,0.0,Teen,31-Jul-18,113954816,USD,0.0,2161558,4.5,12+,Photo & Video,66577313
Instagram,SOCIAL,4.5,66577446,,1000000000.0,Free,0.0,Teen,31-Jul-18,113954816,USD,0.0,2161558,4.5,12+,Photo & Video,66577446
Instagram,SOCIAL,4.5,66577313,,1000000000.0,Free,0.0,Teen,31-Jul-18,113954816,USD,0.0,2161558,4.5,12+,Photo & Video,66577313
Instagram,SOCIAL,4.5,66509917,,1000000000.0,Free,0.0,Teen,31-Jul-18,113954816,USD,0.0,2161558,4.5,12+,Photo & Video,66509917
Tumblr,SOCIAL,4.4,2955326,,100000000.0,Free,0.0,Mature 17+,1-Aug-18,151573504,USD,0.0,334293,4.0,17+,Social Networking,2955326
Tumblr,SOCIAL,4.4,2955325,,100000000.0,Free,0.0,Mature 17+,1-Aug-18,151573504,USD,0.0,334293,4.0,17+,Social Networking,2955325
Tumblr,SOCIAL,4.4,2953886,,100000000.0,Free,0.0,Mature 17+,1-Aug-18,151573504,USD,0.0,334293,4.0,17+,Social Networking,2953886
Snapchat,SOCIAL,4.0,17014787,,500000000.0,Free,0.0,Teen,30-Jul-18,203038720,USD,0.0,323905,2.5,12+,Photo & Video,17014787
Snapchat,SOCIAL,4.0,17014705,,500000000.0,Free,0.0,Teen,30-Jul-18,203038720,USD,0.0,323905,2.5,12+,Photo & Video,17014705
Snapchat,SOCIAL,4.0,17015352,,500000000.0,Free,0.0,Teen,30-Jul-18,203038720,USD,0.0,323905,2.5,12+,Photo & Video,17015352
Snapchat,SOCIAL,4.0,17000166,,500000000.0,Free,0.0,Teen,30-Jul-18,203038720,USD,0.0,323905,2.5,12+,Photo & Video,17000166
Pinterest,SOCIAL,4.6,4305441,,100000000.0,Free,0.0,Teen,3-Aug-18,74778624,USD,0.0,1061624,4.5,12+,Social Networking,4305441
Pinterest,SOCIAL,4.6,4305441,,100000000.0,Free,0.0,Teen,3-Aug-18,74778624,USD,0.0,1061624,4.5,12+,Social Networking,4305441
Pinterest,SOCIAL,4.6,4300936,,100000000.0,Free,0.0,Teen,3-Aug-18,74778624,USD,0.0,1061624,4.5,12+,Social Networking,4300936
LinkedIn,SOCIAL,4.2,1225339,,100000000.0,Free,0.0,Everyone,2-Aug-18,273844224,USD,0.0,71856,3.5,4+,Social Networking,1225339
LinkedIn,SOCIAL,4.2,1225367,,100000000.0,Free,0.0,Everyone,2-Aug-18,273844224,USD,0.0,71856,3.5,4+,Social Networking,1225367
YouNow: Live Stream Video Chat,SOCIAL,4.1,309872,85000.0,10000000.0,Free,0.0,Teen,3-Aug-18,91615232,USD,0.0,12079,3.5,12+,Social Networking,309872
Timehop,SOCIAL,4.1,161610,16000.0,5000000.0,Free,0.0,Teen,5-Aug-18,67424256,USD,0.0,49510,3.5,4+,Social Networking,161610
Wish - Shopping Made Fun,SHOPPING,4.5,6210998,15000.0,100000000.0,Free,0.0,Everyone,3-Aug-18,48428032,USD,0.0,141960,4.5,12+,Shopping,6210998
Wish - Shopping Made Fun,SHOPPING,4.5,6211039,15000.0,100000000.0,Free,0.0,Everyone,3-Aug-18,48428032,USD,0.0,141960,4.5,12+,Shopping,6211039
Wish - Shopping Made Fun,SHOPPING,4.5,6211039,15000.0,100000000.0,Free,0.0,Everyone,3-Aug-18,48428032,USD,0.0,141960,4.5,12+,Shopping,6211039
Wish - Shopping Made Fun,SHOPPING,4.5,6212081,15000.0,100000000.0,Free,0.0,Everyone,3-Aug-18,48428032,USD,0.0,141960,4.5,12+,Shopping,6212081
Wish - Shopping Made Fun,SHOPPING,4.5,6200739,15000.0,100000000.0,Free,0.0,Everyone,3-Aug-18,48428032,USD,0.0,141960,4.5,12+,Shopping,6200739
Best Buy,SHOPPING,4.4,186116,34000.0,5000000.0,Free,0.0,Everyone,3-Aug-18,180500480,USD,0.0,80424,4.0,4+,Shopping,186116
ASOS,SHOPPING,4.7,181798,22000.0,10000000.0,Free,0.0,Everyone,30-Jul-18,141503488,USD,0.0,9725,5.0,4+,Shopping,181798
ASOS,SHOPPING,4.7,181823,22000.0,10000000.0,Free,0.0,Everyone,30-Jul-18,141503488,USD,0.0,9725,5.0,4+,Shopping,181823
Photo Editor-,PHOTOGRAPHY,4.3,68070,,5000000.0,Free,0.0,Everyone,5-May-18,46732288,USD,0.0,9095,4.5,4+,Photo & Video,68070
Photo Editor-,PHOTOGRAPHY,4.3,68071,,5000000.0,Free,0.0,Everyone,5-May-18,46732288,USD,0.0,9095,4.5,4+,Photo & Video,68071
VSCO,PHOTOGRAPHY,4.4,753115,,50000000.0,Free,0.0,Everyone,3-Aug-18,98576384,USD,0.0,11174,3.5,12+,Photo & Video,753115
Photo Editor by Aviary,PHOTOGRAPHY,4.4,1490732,21000.0,50000000.0,Free,0.0,Everyone,19-Jul-18,36269056,USD,0.0,39501,4.5,12+,Photo & Video,1490732
Photo Editor by Aviary,PHOTOGRAPHY,4.4,1490722,21000.0,50000000.0,Free,0.0,Everyone,19-Jul-18,36269056,USD,0.0,39501,4.5,12+,Photo & Video,1490722
PicsArt Photo Studio: Collage Maker & Pic Editor,PHOTOGRAPHY,4.5,7594559,34000.0,100000000.0,Free,0.0,Teen,6-Aug-18,124726272,USD,0.0,29078,4.5,12+,Photo & Video,7594559
PicsArt Photo Studio: Collage Maker & Pic Editor,PHOTOGRAPHY,4.5,7590099,34000.0,100000000.0,Free,0.0,Teen,31-Jul-18,124726272,USD,0.0,29078,4.5,12+,Photo & Video,7590099
Snapseed,PHOTOGRAPHY,4.5,823109,,50000000.0,Free,0.0,Everyone,29-Jun-18,141322240,USD,0.0,8683,4.0,4+,Photo & Video,823109
NFL,SPORTS,4.1,459795,,50000000.0,Free,0.0,Everyone,2-Aug-18,131428352,USD,0.0,27317,2.5,4+,Sports,459795
NFL,SPORTS,4.1,459795,,50000000.0,Free,0.0,Everyone,2-Aug-18,131428352,USD,0.0,27317,2.5,4+,Sports,459795
NFL,SPORTS,4.1,459797,,50000000.0,Free,0.0,Everyone,2-Aug-18,131428352,USD,0.0,27317,2.5,4+,Sports,459797
Premier League - Official App,SPORTS,4.3,63580,24000.0,5000000.0,Free,0.0,Everyone,20-Jul-18,74441728,USD,0.0,791,3.5,12+,Sports,63580
Premier League - Official App,SPORTS,4.3,63782,24000.0,5000000.0,Free,0.0,Everyone,7-Aug-18,74441728,USD,0.0,791,3.5,12+,Sports,63782
WatchESPN,SPORTS,4.1,288809,6600.0,10000000.0,Free,0.0,Everyone,27-Sep-17,33714176,USD,0.0,159735,4.0,4+,Sports,288809
WatchESPN,SPORTS,4.1,288809,6600.0,10000000.0,Free,0.0,Everyone,27-Sep-17,33714176,USD,0.0,159735,4.0,4+,Sports,288809
WatchESPN,SPORTS,4.1,288809,6600.0,10000000.0,Free,0.0,Everyone,27-Sep-17,33714176,USD,0.0,159735,4.0,4+,Sports,288809
WatchESPN,SPORTS,4.1,288809,6600.0,10000000.0,Free,0.0,Everyone,27-Sep-17,33714176,USD,0.0,159735,4.0,4+,Sports,288809
NBC Sports,SPORTS,3.1,78442,25000.0,5000000.0,Free,0.0,Everyone,22-Jun-18,129395712,USD,0.0,47172,2.5,4+,Sports,78442
NCAA Sports,SPORTS,3.9,4272,16000.0,500000.0,Free,0.0,Everyone,23-Apr-18,39018496,USD,0.0,636,2.0,4+,Sports,4272
NBA,SPORTS,4.4,108318,35000.0,10000000.0,Free,0.0,Everyone,9-Jul-18,112074752,USD,0.0,43682,3.5,4+,Sports,108318
NHL,SPORTS,4.0,68935,48000.0,5000000.0,Free,0.0,Everyone,27-Jun-18,160124928,USD,0.0,15554,3.5,4+,Sports,68935
NASCAR MOBILE,SPORTS,4.2,80900,21000.0,1000000.0,Free,0.0,Everyone,25-Jul-18,70040576,USD,0.0,16385,4.0,4+,Sports,80900
Real Basketball,SPORTS,4.5,1605267,,10000000.0,Free,0.0,Everyone,5-Dec-16,70336512,USD,0.0,198050,4.5,4+,Games,1605267
Airbnb,TRAVEL_AND_LOCAL,4.4,359403,,10000000.0,Free,0.0,Everyone,2-Aug-18,243776512,USD,0.0,22302,4.0,4+,Travel,359403
Airbnb,TRAVEL_AND_LOCAL,4.4,359560,,10000000.0,Free,0.0,Everyone,2-Aug-18,243776512,USD,0.0,22302,4.0,4+,Travel,359560
Google Earth,TRAVEL_AND_LOCAL,4.3,2338655,,100000000.0,Free,0.0,Everyone,18-Jun-18,37214208,USD,0.0,446185,3.5,4+,Travel,2338655
Google Earth,TRAVEL_AND_LOCAL,4.3,2339098,,100000000.0,Free,0.0,Everyone,18-Jun-18,37214208,USD,0.0,446185,3.5,4+,Travel,2339098
Southwest Airlines,TRAVEL_AND_LOCAL,3.9,24781,8300.0,5000000.0,Free,0.0,Everyone,11-Jul-18,88773632,USD,0.0,30552,3.0,4+,Travel,24781
Southwest Airlines,TRAVEL_AND_LOCAL,3.9,24781,8300.0,5000000.0,Free,0.0,Everyone,11-Jul-18,88773632,USD,0.0,30552,3.0,4+,Travel,24781
Google Street View,TRAVEL_AND_LOCAL,4.2,2129689,,1000000000.0,Free,0.0,Everyone,6-Aug-18,95927296,USD,0.0,1450,4.0,4+,Travel,2129689
Google Street View,TRAVEL_AND_LOCAL,4.2,2129707,,1000000000.0,Free,0.0,Everyone,6-Aug-18,95927296,USD,0.0,1450,4.0,4+,Travel,2129707
SNCF,TRAVEL_AND_LOCAL,3.4,15750,,5000000.0,Free,0.0,Everyone,2-Aug-18,122186752,USD,0.0,7,1.5,4+,Travel,15750
Fly Delta,TRAVEL_AND_LOCAL,3.7,27560,46000.0,5000000.0,Free,0.0,Everyone,31-Jul-18,140803072,USD,0.0,8094,3.0,4+,Travel,27560
Fly Delta,TRAVEL_AND_LOCAL,3.7,27560,46000.0,5000000.0,Free,0.0,Everyone,31-Jul-18,140803072,USD,0.0,8094,3.0,4+,Travel,27560
United Airlines,TRAVEL_AND_LOCAL,3.5,30447,80000.0,5000000.0,Free,0.0,Everyone,20-Jul-18,140942336,USD,0.0,5748,2.5,4+,Travel,30447
United Airlines,TRAVEL_AND_LOCAL,3.5,30447,80000.0,5000000.0,Free,0.0,Everyone,20-Jul-18,140942336,USD,0.0,5748,2.5,4+,Travel,30447
Google Translate,TOOLS,4.4,5745093,,500000000.0,Free,0.0,Everyone,4-Aug-18,65281024,USD,0.0,26786,3.5,4+,Reference,5745093
Google Translate,TOOLS,4.4,5741684,,500000000.0,Free,0.0,Everyone,4-Aug-18,65281024,USD,0.0,26786,3.5,4+,Reference,5741684
Speedtest by Ookla,TOOLS,4.4,1028794,,100000000.0,Free,0.0,Everyone,19-Jul-18,23936000,USD,0.0,65016,3.5,4+,Utilities,1028794
Microsoft Word,PRODUCTIVITY,4.5,2084126,,500000000.0,Free,0.0,Everyone,11-Jul-18,334425088,USD,0.0,47999,4.5,4+,Productivity,2084126
Microsoft Word,PRODUCTIVITY,4.5,2084125,,500000000.0,Free,0.0,Everyone,11-Jul-18,334425088,USD,0.0,47999,4.5,4+,Productivity,2084125
Microsoft Word,PRODUCTIVITY,4.5,2078744,,500000000.0,Free,0.0,Everyone,11-Jul-18,334425088,USD,0.0,47999,4.5,4+,Productivity,2078744
Microsoft Excel,PRODUCTIVITY,4.5,1079491,,100000000.0,Free,0.0,Everyone,14-Jul-18,323411968,USD,0.0,24430,4.5,4+,Productivity,1079491
Microsoft Excel,PRODUCTIVITY,4.5,1079616,,100000000.0,Free,0.0,Everyone,14-Jul-18,323411968,USD,0.0,24430,4.5,4+,Productivity,1079616
Microsoft OneNote,PRODUCTIVITY,4.4,480643,,100000000.0,Free,0.0,Everyone,22-Jul-18,233533440,USD,0.0,39638,4.5,4+,Productivity,480643
Microsoft OneNote,PRODUCTIVITY,4.4,480640,,100000000.0,Free,0.0,Everyone,22-Jul-18,233533440,USD,0.0,39638,4.5,4+,Productivity,480640
Microsoft OneNote,PRODUCTIVITY,4.4,480638,,100000000.0,Free,0.0,Everyone,22-Jul-18,233533440,USD,0.0,39638,4.5,4+,Productivity,480638
Dropbox,PRODUCTIVITY,4.4,1861310,61000.0,500000000.0,Free,0.0,Everyone,1-Aug-18,180804608,USD,0.0,49578,3.5,4+,Productivity,1861310
Dropbox,PRODUCTIVITY,4.4,1861309,61000.0,500000000.0,Free,0.0,Everyone,1-Aug-18,180804608,USD,0.0,49578,3.5,4+,Productivity,1861309
Dropbox,PRODUCTIVITY,4.4,1860844,61000.0,500000000.0,Free,0.0,Everyone,1-Aug-18,180804608,USD,0.0,49578,3.5,4+,Productivity,1860844
Google Docs,PRODUCTIVITY,4.3,815981,,100000000.0,Free,0.0,Everyone,6-Aug-18,199993344,USD,0.0,64259,4.5,4+,Productivity,815981
Google Docs,PRODUCTIVITY,4.3,815974,,100000000.0,Free,0.0,Everyone,6-Aug-18,199993344,USD,0.0,64259,4.5,4+,Productivity,815974
Google Docs,PRODUCTIVITY,4.3,815974,,100000000.0,Free,0.0,Everyone,6-Aug-18,199993344,USD,0.0,64259,4.5,4+,Productivity,815974
Microsoft PowerPoint,PRODUCTIVITY,4.5,618798,,100000000.0,Free,0.0,Everyone,11-Jul-18,336831488,USD,0.0,10939,4.0,4+,Productivity,618798
Microsoft PowerPoint,PRODUCTIVITY,4.5,618796,,100000000.0,Free,0.0,Everyone,11-Jul-18,336831488,USD,0.0,10939,4.0,4+,Productivity,618796
Verizon Cloud,PRODUCTIVITY,4.3,185632,,50000000.0,Free,0.0,Everyone,18-Jul-18,104749056,USD,0.0,6482,4.5,4+,Productivity,185632
myAT&T,PRODUCTIVITY,3.7,80847,,50000000.0,Free,0.0,Everyone,18-Jul-18,68491264,USD,0.0,108507,3.0,4+,Utilities,80847
myAT&T,PRODUCTIVITY,3.7,80816,,50000000.0,Free,0.0,Everyone,18-Jul-18,68491264,USD,0.0,108507,3.0,4+,Utilities,80816
Trello,PRODUCTIVITY,4.5,72513,12000.0,5000000.0,Free,0.0,Everyone,18-Jul-18,140944384,USD,0.0,2793,4.5,4+,Productivity,72513
Google Sheets,PRODUCTIVITY,4.3,496399,,100000000.0,Free,0.0,Everyone,6-Aug-18,292418560,USD,0.0,24602,4.5,4+,Productivity,496399
Google Sheets,PRODUCTIVITY,4.3,496397,,100000000.0,Free,0.0,Everyone,6-Aug-18,292418560,USD,0.0,24602,4.5,4+,Productivity,496397
Google Slides,PRODUCTIVITY,4.2,244567,,100000000.0,Free,0.0,Everyone,6-Aug-18,249625600,USD,0.0,9920,4.0,4+,Productivity,244567
Yahoo Weather,WEATHER,4.4,1312037,,10000000.0,Free,0.0,Everyone,1-Aug-18,123047936,USD,0.0,112603,4.5,4+,Weather,1312037
Google Play Movies & TV,VIDEO_PLAYERS,3.7,906384,,1000000000.0,Free,0.0,Teen,6-Aug-18,64877568,USD,0.0,1195,3.0,12+,Entertainment,906384
Twitter,NEWS_AND_MAGAZINES,4.3,11667403,,500000000.0,Free,0.0,Mature 17+,6-Aug-18,210569216,USD,0.0,354058,3.5,17+,News,11667403
Twitter,NEWS_AND_MAGAZINES,4.3,11667403,,500000000.0,Free,0.0,Mature 17+,6-Aug-18,210569216,USD,0.0,354058,3.5,17+,News,11667403
Twitter,NEWS_AND_MAGAZINES,4.3,11657972,,500000000.0,Free,0.0,Mature 17+,30-Jul-18,210569216,USD,0.0,354058,3.5,17+,News,11657972
Sky News,NEWS_AND_MAGAZINES,4.0,30287,19000.0,1000000.0,Free,0.0,Everyone 10+,3-Aug-18,91697152,USD,0.0,118,3.0,12+,News,30287
The Washington Post Classic,NEWS_AND_MAGAZINES,4.5,23158,,1000000.0,Free,0.0,Everyone 10+,17-Jul-18,118980608,USD,0.0,18572,4.5,12+,News,23158
USA TODAY,NEWS_AND_MAGAZINES,4.1,49259,,5000000.0,Free,0.0,Everyone 10+,2-Aug-18,96060416,USD,0.0,61724,3.5,4+,News,49259
USA TODAY,NEWS_AND_MAGAZINES,4.1,49259,,5000000.0,Free,0.0,Everyone 10+,2-Aug-18,96060416,USD,0.0,61724,3.5,4+,News,49259
USA TODAY,NEWS_AND_MAGAZINES,4.1,49259,,5000000.0,Free,0.0,Everyone 10+,2-Aug-18,96060416,USD,0.0,61724,3.5,4+,News,49259
The Guardian,NEWS_AND_MAGAZINES,4.7,247992,22000.0,5000000.0,Free,0.0,Teen,25-Jul-18,92966912,USD,0.0,8176,5.0,12+,News,247992
NBC News,NEWS_AND_MAGAZINES,4.1,63020,,5000000.0,Free,0.0,Everyone 10+,13-Feb-18,52951040,USD,0.0,32881,3.5,12+,News,63020
NBC News,NEWS_AND_MAGAZINES,4.1,63020,,5000000.0,Free,0.0,Everyone 10+,13-Feb-18,52951040,USD,0.0,32881,3.5,12+,News,63020
Uber,MAPS_AND_NAVIGATION,4.2,4928420,,100000000.0,Free,0.0,Everyone,6-Aug-18,283852800,USD,0.0,49466,3.0,4+,Travel,4928420
Uber,MAPS_AND_NAVIGATION,4.2,4921866,,100000000.0,Free,0.0,Everyone,2-Aug-18,283852800,USD,0.0,49466,3.0,4+,Travel,4921866
aa,FAMILY,4.2,886418,6500.0,50000000.0,Free,0.0,Everyone,30-Jun-18,11337728,USD,0.0,158845,4.5,4+,Games,886418
UNO ™ & Friends,GAME,4.1,1728557,,50000000.0,Free,0.0,Everyone,20-Sep-17,131464192,USD,0.0,68911,4.0,9+,Games,1728557
Super Mario Run,GAME,3.7,1221896,70000.0,100000000.0,Free,0.0,Everyone,12-Jul-18,194245632,USD,0.0,87958,2.5,4+,Games,1221896
Asphalt 8: Airborne,GAME,4.5,8389714,92000.0,100000000.0,Free,0.0,Teen,4-Jul-18,1777940480,USD,0.0,188568,4.5,12+,Games,8389714
Rolling Sky,GAME,4.5,1117212,50000.0,50000000.0,Free,0.0,Everyone,3-Aug-18,138529792,USD,0.0,30670,4.5,4+,Games,1117212
Bible,BOOKS_AND_REFERENCE,4.7,2440695,,100000000.0,Free,0.0,Teen,2-Aug-18,92774400,USD,0.0,985920,4.5,4+,Reference,2440695
MORTAL KOMBAT X,GAME,4.4,3039889,18000.0,10000000.0,Free,0.0,Mature 17+,27-Jun-18,1738707968,USD,0.0,114475,4.5,17+,Games,3039889
Hay Day,FAMILY,4.5,10053186,94000.0,100000000.0,Free,0.0,Everyone,28-Jun-18,113641472,USD,0.0,567344,4.5,4+,Games,10053186
Dubsmash,VIDEO_PLAYERS,4.2,1971777,29000.0,100000000.0,Free,0.0,Teen,11-May-18,101078016,USD,0.0,20243,4.5,12+,Entertainment,1971777
Discord - Chat for Gamers,COMMUNICATION,4.5,305347,39000.0,10000000.0,Free,0.0,Teen,27-Jul-18,26890240,USD,0.0,9152,4.5,4+,Social Networking,305347
Hitman Sniper,GAME,4.6,408292,29000.0,10000000.0,Paid,0.99,Mature 17+,12-Jul-18,1156409344,USD,0.99,8452,4.5,17+,Games,408292
Fruit Ninja®,GAME,4.3,5091448,41000.0,100000000.0,Free,0.0,Everyone,12-Jul-18,163801088,USD,0.0,327025,4.5,4+,Games,5091448
Geometry Dash Meltdown,GAME,4.6,1591129,48000.0,50000000.0,Free,0.0,Everyone,22-Dec-17,55445504,USD,0.0,117470,4.5,4+,Games,1591129
Smash Hit,GAME,4.5,4147718,79000.0,100000000.0,Free,0.0,Everyone,26-Nov-15,97505280,USD,0.0,126233,4.5,4+,Games,4147718
Bad Piggies,FAMILY,4.3,1168959,66000.0,50000000.0,Free,0.0,Everyone,3-May-17,260106240,USD,0.0,26259,4.5,4+,Games,1168959
Temple Run,GAME,4.3,4000433,42000.0,100000000.0,Free,0.0,Everyone,2-Aug-18,65921024,USD,0.0,1724546,4.5,9+,Games,4000433
Dumb Ways to Die 2: The Games,FAMILY,4.2,1671658,,50000000.0,Free,0.0,Teen,12-Jul-18,104282112,USD,0.0,11295,4.0,12+,Games,1671658
F-Sim Space Shuttle,FAMILY,4.4,5427,,100000.0,Paid,4.99,Everyone,28-Jan-14,76394496,USD,4.99,6403,4.5,4+,Games,5427
Geometry Dash Lite,GAME,4.5,6181640,58000.0,100000000.0,Free,0.0,Everyone,22-Dec-17,69076992,USD,0.0,370370,5.0,4+,Games,6181640
H*nest Meditation,LIFESTYLE,4.9,145,48000.0,5000.0,Paid,1.99,Mature 17+,7-Apr-16,92611584,USD,1.99,55,4.5,17+,Entertainment,145
Tom's Love Letters,FAMILY,4.1,705805,35000.0,50000000.0,Free,0.0,Everyone,30-Apr-18,29392896,USD,0.0,27711,4.0,4+,Entertainment,705805
Kik,COMMUNICATION,4.3,2451136,,100000000.0,Free,0.0,Teen,3-Aug-18,151864320,USD,0.0,260965,4.0,12+,Social Networking,2451136
Tom Loves Angela,FAMILY,4.1,1111915,50000.0,100000000.0,Free,0.0,Everyone,30-Apr-18,53489664,USD,0.99,1151,4.0,4+,Entertainment,1111915
Xbox,FAMILY,4.3,556659,46000.0,10000000.0,Free,0.0,Everyone,20-Jun-18,111777792,USD,0.0,72187,4.5,12+,Entertainment,556659
Tinder,LIFESTYLE,4.0,2789775,68000.0,100000000.0,Free,0.0,Mature 17+,2-Aug-18,126720000,USD,0.0,143040,3.5,17+,Lifestyle,2789775
T-Mobile,TOOLS,4.3,482630,,10000000.0,Free,0.0,Everyone,3-Aug-18,65560576,USD,0.0,19977,4.0,4+,Productivity,482630
T-Mobile Tuesdays,LIFESTYLE,4.0,53144,21000.0,5000000.0,Free,0.0,Everyone,13-Jul-18,78128128,USD,0.0,3213,2.5,17+,Lifestyle,53144
Don't Starve: Pocket Edition,GAME,4.4,17988,7900.0,100000.0,Paid,4.99,Teen,25-Jul-18,403637248,USD,4.99,3742,4.0,9+,Games,17988
"Please, Don't Touch Anything",FAMILY,4.4,1771,46000.0,10000.0,Paid,4.99,Teen,20-Apr-16,57004032,USD,4.99,379,4.0,9+,Games,1771
Don't Starve: Shipwrecked,GAME,4.1,1468,4900.0,10000.0,Paid,4.99,Teen,10-Jul-18,633698304,USD,4.99,495,3.5,9+,Games,1468
U by BB&T,FINANCE,4.3,16600,24000.0,1000000.0,Free,0.0,Everyone,19-Jun-18,74385408,USD,0.0,790,2.0,4+,Finance,16600
FINAL FANTASY V,FAMILY,4.5,15924,4200.0,100000.0,Paid,7.99,Teen,15-Mar-17,167030784,USD,14.99,1808,4.5,9+,Games,15924
PewDiePie's Tuber Simulator,FAMILY,4.8,1499466,96000.0,10000000.0,Free,0.0,Teen,24-Jul-18,266766336,USD,0.0,90851,5.0,9+,Games,1499466
DRAGON BALL Z DOKKAN BATTLE,GAME,4.1,650114,80000.0,10000000.0,Free,0.0,Teen,3-Jul-18,116492288,USD,0.0,5362,4.0,9+,Games,650114
Angry Birds Blast,FAMILY,4.6,253115,99000.0,10000000.0,Free,0.0,Everyone,27-Jul-18,129589248,USD,0.0,24878,4.5,4+,Games,253115
Angry Birds Epic RPG,FAMILY,4.5,2634605,63000.0,10000000.0,Free,0.0,Everyone,18-Jul-18,581533696,USD,0.0,84680,4.5,4+,Games,2634605
Angry Birds Friends,GAME,4.2,829753,48000.0,50000000.0,Free,0.0,Everyone,19-Jun-18,190382080,USD,0.0,23655,4.0,4+,Games,829753
Angry Birds Go!,GAME,4.2,3846378,82000.0,50000000.0,Free,0.0,Everyone,30-May-18,499580928,USD,0.0,75793,4.0,4+,Games,3846378
Angry Birds Star Wars,GAME,4.3,1218055,45000.0,100000000.0,Free,0.0,Everyone,25-May-18,177338368,USD,0.0,34138,4.5,4+,Games,1218055
Assassin's Creed Identity,GAME,3.7,42529,92000.0,500000.0,Paid,1.99,Teen,23-Nov-16,2538487808,USD,4.99,3517,4.0,12+,Games,42529
iFunny :),FAMILY,4.4,503757,,10000000.0,Free,0.0,Mature 17+,2-Aug-18,66599936,USD,0.0,98344,3.5,17+,Entertainment,503757
King of Avalon: Dragon Warfare,FAMILY,4.2,306652,64000.0,10000000.0,Free,0.0,Everyone 10+,31-Jul-18,191580160,USD,0.0,3326,4.0,9+,Games,306652
Afterlight,PHOTOGRAPHY,4.3,50893,35000.0,1000000.0,Free,0.0,Everyone,20-Nov-14,76231680,USD,0.99,14057,4.5,4+,Photo & Video,50893
Adobe Illustrator Draw,PHOTOGRAPHY,4.4,65766,,5000000.0,Free,0.0,Everyone,2-Apr-18,107823104,USD,0.0,3215,4.5,4+,Productivity,65766
AJ Jump: Animal Jam Kangaroos!,GAME,4.4,2975,42000.0,50000.0,Paid,1.99,Everyone,7-Mar-16,160192512,USD,1.99,834,4.5,4+,Games,2975
I am Bread,GAME,4.0,630,20000.0,10000.0,Paid,4.99,Everyone,26-Oct-16,1084654592,USD,4.99,1394,3.5,4+,Games,630
Vikings: an Archer's Journey,GAME,4.5,10256,39000.0,1000000.0,Free,0.0,Everyone,11-Dec-17,130727936,USD,2.99,94,4.5,9+,Games,10256
My Emma :),FAMILY,4.1,245839,76000.0,10000000.0,Free,0.0,Everyone,3-Apr-17,136275968,USD,0.0,8412,4.5,4+,Games,245839
My Horse,FAMILY,4.5,1333338,8700.0,10000000.0,Free,0.0,Everyone,23-May-18,301896704,USD,0.0,293857,4.5,4+,Games,1333338
Ao Oni2,GAME,4.1,21223,48000.0,1000000.0,Free,0.0,Teen,20-Apr-18,86687744,USD,0.0,7,4.0,12+,Games,21223
WGT Golf Game by Topgolf,SPORTS,4.3,148083,57000.0,10000000.0,Free,0.0,Everyone,24-Jul-18,250150912,USD,0.0,53285,4.5,17+,Games,148083
True Skate,SPORTS,4.4,129409,73000.0,1000000.0,Paid,1.99,Everyone,4-Aug-18,66697216,USD,1.99,11065,4.0,4+,Games,129409
Ingress,GAME,4.3,391325,43000.0,10000000.0,Free,0.0,Everyone,20-Jun-18,126825472,USD,0.0,2739,3.5,9+,Games,391325
"Egg, Inc.",FAMILY,4.7,580160,29000.0,5000000.0,Free,0.0,Everyone,13-Jun-18,53579776,USD,0.0,79074,5.0,4+,Games,580160
Five Nights at Freddy's 2,FAMILY,4.6,73919,40000.0,500000.0,Paid,2.99,Teen,15-Nov-14,37310464,USD,2.99,18107,4.5,12+,Games,73919
Five Nights at Freddy's,GAME,4.6,100805,50000.0,1000000.0,Paid,2.99,Teen,2-Dec-14,49946624,USD,2.99,27388,4.5,12+,Games,100805
DIRECTV,FAMILY,4.1,235486,63000.0,10000000.0,Free,0.0,Teen,1-Jun-18,151397376,USD,0.0,81006,3.5,4+,Entertainment,235486
Five Nights at Freddy's 3,GAME,4.7,27856,50000.0,100000.0,Paid,2.99,Teen,2-Apr-15,47722496,USD,2.99,9876,4.5,12+,Games,27856
AirWatch Agent,BUSINESS,3.1,20973,31000.0,5000000.0,Free,0.0,Everyone,1-Aug-18,24747008,USD,0.0,1150,2.5,4+,Business,20973
Call of Duty®: Heroes,GAME,4.4,1604146,57000.0,10000000.0,Free,0.0,Teen,27-Jun-18,210842624,USD,0.0,179416,4.5,12+,Games,1604146
Kids A-Z,FAMILY,4.2,26426,30000.0,1000000.0,Free,0.0,Everyone,2-Aug-18,100699136,USD,0.0,2887,3.5,4+,Education,26426
OK K.O.! Lakewood Plaza Turbo,FAMILY,4.5,76608,24000.0,1000000.0,Free,0.0,Everyone 10+,5-Jan-17,1614744576,USD,0.0,430,4.5,9+,Games,76608
Battlefield™ Companion,GAME,4.0,263907,62000.0,10000000.0,Free,0.0,Everyone 10+,1-Nov-16,58883072,USD,0.0,689,2.5,12+,Social Networking,263907
Bullet Force,GAME,4.5,634159,58000.0,10000000.0,Free,0.0,Teen,21-Jun-18,501043200,USD,0.0,9289,4.5,17+,Games,634159
Baldur's Gate: Enhanced Edition,FAMILY,4.5,20101,7800.0,100000.0,Paid,9.99,Teen,2-Oct-15,2441125888,USD,9.99,1454,4.0,12+,Games,20101
Battleheart Legacy,FAMILY,4.6,7420,7400.0,50000.0,Paid,4.99,Teen,10-Nov-14,889060352,USD,4.99,3376,4.5,12+,Games,7420
My College Bookstore,SHOPPING,3.2,661,7600.0,100000.0,Free,0.0,Everyone,19-Mar-18,8933376,USD,0.0,225,2.5,4+,Shopping,661
Boom Beach,FAMILY,4.5,5591653,95000.0,50000000.0,Free,0.0,Everyone 10+,18-Jul-18,153955328,USD,0.0,241929,4.5,9+,Games,5591653
Red Ball 4,GAME,4.4,1432447,59000.0,50000000.0,Free,0.0,Everyone,9-Nov-17,105723904,USD,0.99,9818,4.5,4+,Games,1432447
Wishbone - Compare Anything,SOCIAL,4.3,51569,26000.0,1000000.0,Free,0.0,Teen,30-Jul-18,117052416,USD,0.0,20649,4.5,12+,Social Networking,51569
Township,FAMILY,4.6,4451317,,50000000.0,Free,0.0,Everyone,19-Jul-18,175876096,USD,0.0,80801,4.5,4+,Games,4451317
Smashy Road: Arena,GAME,4.3,45558,53000.0,5000000.0,Free,0.0,Everyone 10+,24-May-18,208391168,USD,0.0,3207,4.5,9+,Games,45558
Philips Hue,LIFESTYLE,3.1,10006,53000.0,1000000.0,Free,0.0,Everyone,26-Jul-18,73561088,USD,0.0,1999,1.5,4+,Lifestyle,10006
Hitman GO,FAMILY,4.6,84114,23000.0,500000.0,Paid,0.99,Everyone 10+,5-Jul-18,1098042368,USD,4.99,8673,4.5,9+,Games,84114
Super Jabber Jump,GAME,4.3,85882,23000.0,10000000.0,Free,0.0,Everyone,7-Nov-17,146922496,USD,0.0,612,4.5,4+,Games,85882
Driving Zone,GAME,4.2,51791,57000.0,1000000.0,Free,0.0,Everyone,6-Jun-18,157679616,USD,0.0,298,4.0,4+,Games,51791
My Movies Pro - Movie & TV Collection Library,LIFESTYLE,4.6,6477,20000.0,10000.0,Paid,7.99,Everyone,16-Jul-18,95249408,USD,7.99,1309,4.5,12+,Catalogs,6477
Threema,COMMUNICATION,4.5,51110,,1000000.0,Paid,2.99,Everyone,3-Aug-18,24925184,USD,2.99,196,4.5,4+,Social Networking,51110
SimCity BuildIt,FAMILY,4.5,4218587,100000.0,50000000.0,Free,0.0,Everyone 10+,19-Jun-18,96606208,USD,0.0,198338,4.5,4+,Games,4218587
Grand Theft Auto: San Andreas,GAME,4.4,348962,26000.0,1000000.0,Paid,6.99,Mature 17+,21-Mar-15,2060416000,USD,6.99,32533,4.0,17+,Games,348962
Can Knockdown 3,GAME,4.1,349503,19000.0,10000000.0,Free,0.0,Everyone,26-Aug-15,151453696,USD,1.99,1135,4.5,4+,Games,349503
AMC,FAMILY,3.2,20843,14000.0,1000000.0,Free,0.0,Teen,2-Aug-18,59480064,USD,0.0,3105,2.0,12+,Entertainment,20843
Cartoon Wars 3,FAMILY,4.1,137674,72000.0,5000000.0,Free,0.0,Teen,4-Jul-18,123680768,USD,0.0,979,4.0,12+,Games,137674
Cytus,GAME,4.7,541732,20000.0,5000000.0,Free,0.0,Everyone,9-Feb-18,1560187904,USD,1.99,7925,5.0,4+,Games,541732
Army of Heroes,FAMILY,4.5,85015,46000.0,1000000.0,Free,0.0,Everyone 10+,1-Aug-18,153125888,USD,0.0,1235,4.5,12+,Games,85015
Peppa Pig: Party Time,FAMILY,3.8,52,55000.0,10000.0,Paid,2.99,Everyone,8-Aug-17,251977728,USD,0.99,9,2.0,4+,Education,52
Just Dance Now,GAME,4.2,794058,56000.0,10000000.0,Free,0.0,Everyone,12-Jun-18,67874816,USD,0.0,2535,3.5,4+,Games,794058
DB Navigator,MAPS_AND_NAVIGATION,4.0,119685,20000.0,10000000.0,Free,0.0,Everyone,2-Jul-18,84791296,USD,0.0,512,3.5,4+,Travel,119685
Injustice: Gods Among Us,GAME,4.4,2440877,32000.0,10000000.0,Free,0.0,Teen,14-Jun-18,1829599232,USD,0.0,612532,4.5,12+,Games,2440877
LEGO Batman: DC Super Heroes,FAMILY,4.2,2557,5800.0,50000.0,Paid,4.99,Everyone 10+,9-May-16,1139261440,USD,4.99,7717,4.0,9+,Games,2557
MARVEL Avengers Academy,GAME,4.2,304106,,10000000.0,Free,0.0,Teen,6-Aug-18,170858496,USD,0.0,17376,4.0,9+,Games,304106
MARVEL Future Fight,FAMILY,4.6,2354042,72000.0,50000000.0,Free,0.0,Everyone 10+,3-Jul-18,1350787072,USD,0.0,20906,4.5,9+,Games,2354042
WEB.DE Mail,COMMUNICATION,4.3,226541,,10000000.0,Free,0.0,Everyone,25-Jul-18,101923840,USD,0.0,168,4.0,4+,Productivity,226541
Bike Unchained,SPORTS,4.3,83545,23000.0,5000000.0,Free,0.0,Everyone,31-Jul-18,545665024,USD,0.0,629,4.0,4+,Games,83545
Deck Heroes: Legacy,GAME,4.7,466495,52000.0,10000000.0,Free,0.0,Teen,16-Jul-18,112683008,USD,0.0,494,4.0,17+,Games,466495
Boomerang from Instagram,PHOTOGRAPHY,4.4,928720,,50000000.0,Free,0.0,Everyone,16-Jul-18,15664128,USD,0.0,2373,3.5,4+,Photo & Video,928720
Nyan Cat: Lost In Space,GAME,4.5,371318,90000.0,10000000.0,Free,0.0,Everyone 10+,8-Jun-18,96872448,USD,0.0,76392,4.5,4+,Games,371318
Does not Commute,GAME,4.0,154108,78000.0,5000000.0,Free,0.0,Everyone,13-Oct-15,87481344,USD,0.0,5645,4.0,4+,Games,154108
Endless Ducker,GAME,4.5,8193,41000.0,500000.0,Free,0.0,Everyone,16-Sep-16,159752192,USD,0.0,639,4.0,4+,Games,8193
Dude Perfect,SPORTS,4.5,97,1900.0,10000.0,Free,0.0,Everyone,28-Jun-17,140165120,USD,0.99,9763,4.5,4+,Games,97
DRAGON QUEST,FAMILY,4.2,9659,30000.0,100000.0,Paid,2.99,Everyone,10-Mar-17,27130880,USD,2.99,419,4.5,9+,Games,9659
Whataburger,FOOD_AND_DRINK,4.5,5093,56000.0,500000.0,Free,0.0,Everyone,10-Apr-18,133352448,USD,0.0,197,3.0,4+,Food & Drink,5093
Dr. Panda Farm,FAMILY,4.1,265,46000.0,10000.0,Paid,2.99,Everyone,21-Jul-16,98934784,USD,2.99,28,4.0,4+,Education,265
Dr. Panda Hospital,FAMILY,4.4,1091,45000.0,50000.0,Paid,2.99,Everyone,5-Dec-13,417707008,USD,2.99,372,4.0,4+,Education,1091
Dr. Panda Supermarket,FAMILY,4.2,1357,58000.0,50000.0,Paid,2.99,Everyone,16-Feb-16,138589184,USD,2.99,342,4.0,4+,Education,1357
Bloons TD 5,FAMILY,4.6,190086,94000.0,1000000.0,Paid,2.99,Everyone,13-Jul-18,113020928,USD,2.99,42078,4.5,9+,Games,190086
PES CLUB MANAGER,SPORTS,4.4,783025,,10000000.0,Free,0.0,Everyone,7-Jun-18,1257910272,USD,0.0,3216,4.5,4+,Games,783025
Riptide GP: Renegade,GAME,4.7,4328,,100000.0,Paid,2.99,Everyone 10+,1-Jun-18,107640832,USD,2.99,412,4.5,9+,Games,4328
Star Chart,FAMILY,4.3,128808,,10000000.0,Free,0.0,Everyone,2-Aug-18,28616704,USD,0.0,13482,4.5,4+,Education,128808
Retro City Rampage DX,GAME,4.7,416,16000.0,10000.0,Paid,2.99,Teen,12-Jan-17,15611904,USD,4.99,68,4.5,12+,Games,416
NBA LIVE Mobile Basketball,SPORTS,4.4,1690802,58000.0,50000000.0,Free,0.0,Everyone,21-May-18,139769856,USD,0.0,40619,4.0,4+,Games,1690802
Need for Speed™ No Limits,GAME,4.4,3344300,22000.0,50000000.0,Free,0.0,Everyone 10+,24-Jul-18,1085844480,USD,0.0,34998,4.5,4+,Games,3344300
The Simpsons™: Tapped Out,FAMILY,4.3,636995,49000.0,10000000.0,Free,0.0,Teen,31-Jul-18,86079488,USD,0.0,274501,4.0,12+,Games,636995
Plants vs. Zombies™ 2,FAMILY,4.4,567632,15000.0,10000000.0,Free,0.0,Everyone 10+,12-Jun-18,98507776,USD,0.0,267394,4.5,9+,Games,567632
Star Wars™: Galaxy of Heroes,FAMILY,4.5,1461698,67000.0,10000000.0,Free,0.0,Everyone 10+,21-May-18,119752704,USD,0.0,122260,4.5,9+,Games,1461698
Bejeweled Classic,FAMILY,4.4,203101,,5000000.0,Free,0.0,Everyone,31-May-18,99593216,USD,0.0,183259,4.5,4+,Games,203101
NBA JAM by EA SPORTS™,FAMILY,4.3,56444,43000.0,500000.0,Paid,4.99,Everyone,8-Feb-17,410202112,USD,4.99,21648,4.0,4+,Games,56444
Bejeweled Blitz,FAMILY,4.2,222664,98000.0,10000000.0,Free,0.0,Everyone,1-Aug-18,91591680,USD,0.0,221002,4.0,4+,Games,222664
Peggle Blast,GAME,4.1,166251,19000.0,5000000.0,Free,0.0,Everyone,11-Dec-17,454746112,USD,0.0,11528,4.0,9+,Games,166251
Gear.Club - True Racing,GAME,4.4,140658,37000.0,1000000.0,Free,0.0,Everyone,1-Aug-18,2386132992,USD,0.0,2793,4.5,4+,Games,140658
Mad Skills Motocross,GAME,4.0,32522,44000.0,1000000.0,Free,0.0,Everyone,25-Jan-16,16949248,USD,0.99,9341,4.5,12+,Games,32522
Pineapple Pen,GAME,4.3,157264,65000.0,10000000.0,Free,0.0,Everyone,30-Dec-16,97951744,USD,0.0,6430,4.5,4+,Games,157264
Bad Piggies HD,FAMILY,4.4,764967,69000.0,10000000.0,Free,0.0,Everyone,5-Jul-18,260040704,USD,0.0,19018,4.5,4+,Games,764967
Farming Simulator 16,FAMILY,4.2,32812,14000.0,500000.0,Paid,2.99,Everyone,10-Apr-18,185572352,USD,4.99,2637,4.5,4+,Games,32812
Fernanfloo,GAME,4.8,526595,49000.0,10000000.0,Free,0.0,Everyone 10+,26-Jun-18,63286272,USD,0.0,2886,4.5,9+,Games,526595
Narcos: Cartel Wars,FAMILY,4.7,244797,52000.0,5000000.0,Free,0.0,Teen,30-Jul-18,178887680,USD,0.0,4490,4.5,12+,Games,244797
Get 'Em,GAME,4.1,7904,21000.0,500000.0,Free,0.0,Everyone 10+,26-Oct-16,719419392,USD,0.99,40,4.0,9+,Games,7904
"Univision Deportes: Liga MX, MLS, Fútbol En Vivo",SPORTS,4.2,75566,,5000000.0,Free,0.0,Everyone,23-Jul-18,81876992,USD,0.0,16683,3.5,4+,Sports,75566
The EO Bar,HEALTH_AND_FITNESS,4.7,416,34000.0,10000.0,Paid,6.99,Everyone,2-Jul-18,41403392,USD,6.99,247,5.0,4+,Health & Fitness,416
Where's My Water?,FAMILY,4.7,188740,69000.0,1000000.0,Paid,1.99,Everyone,5-Jul-18,90853376,USD,1.99,131656,4.5,4+,Games,188740
Out There Chronicles - Ep. 1,FAMILY,4.4,1516,44000.0,50000.0,Paid,2.99,Everyone,27-Nov-17,108594176,USD,1.99,87,4.0,12+,Games,1516
Epson iPrint,TOOLS,4.1,108169,,10000000.0,Free,0.0,Everyone,25-Jun-18,53388288,USD,0.0,2838,3.0,4+,Photo & Video,108169
myChevrolet,LIFESTYLE,3.5,6747,,1000000.0,Free,0.0,Everyone,11-Jun-18,85515264,USD,0.0,1083,2.0,17+,Lifestyle,6747
Design Home,FAMILY,4.4,539931,69000.0,10000000.0,Free,0.0,Everyone,6-Aug-18,173576192,USD,0.0,23298,4.5,4+,Games,539931
XCOM®: Enemy Within,FAMILY,4.2,13752,21000.0,100000.0,Paid,9.99,Mature 17+,24-Oct-17,3508826112,USD,9.99,2855,4.0,17+,Games,13752
Mobile Strike,FAMILY,3.9,903392,,50000000.0,Free,0.0,Everyone 10+,14-Jun-18,256203776,USD,0.0,24935,3.5,12+,Games,903392
Storm Shield,WEATHER,3.5,2000,14000.0,100000.0,Free,0.0,Everyone,31-Jul-18,26501120,USD,2.99,2516,4.5,12+,Weather,2000
Messenger,SOCIAL,4.1,68025,3900.0,10000000.0,Free,0.0,Everyone,16-Apr-18,275729408,USD,0.0,351466,3.0,4+,Social Networking,68025
Angry Birds Space HD,GAME,4.5,43645,46000.0,5000000.0,Free,0.0,Everyone,25-May-18,171300864,USD,0.0,39502,4.0,4+,Games,43645
Talking Tom Bubble Shooter,FAMILY,4.4,687136,54000.0,50000000.0,Free,0.0,Everyone,25-May-18,191398912,USD,0.0,2659,4.5,4+,Games,687136
Crazy Freekick,SPORTS,3.9,47688,17000.0,5000000.0,Free,0.0,Everyone,18-May-16,33681408,USD,0.0,228,4.5,4+,Games,47688
Fruit Ninja Classic,GAME,4.3,85468,36000.0,1000000.0,Paid,0.99,Everyone,8-Jun-18,104590336,USD,1.99,698516,4.5,4+,Games,85468
"sugar, sugar",FAMILY,4.2,1405,9500.0,10000.0,Paid,1.2,Everyone,5-Jun-18,25718784,USD,0.99,139,4.5,4+,Games,1405
Fuel Rewards® program,LIFESTYLE,4.6,32433,46000.0,1000000.0,Free,0.0,Everyone,26-Jun-18,58839040,USD,0.0,2249,4.5,4+,Shopping,32433
